region,year,milk_production_tons,cows_heads,fodder_sown_area_ha,land_total_ha,cows_dairy_buffaloes_stock_heads,TE,yield_combined,EF_combined,CH4_intensity,yield_cattle_only,EF_cattle_only,CH4_intensity_cattle_only
Absheron district,2005,25201.0,10120.0,1128.0,25237.0,10120.0,0.8557953040546543,2490.217391304348,99.17080745341615,0.039824156637775145,2490.217391304348,99.17080745341615,0.039824156637775145
Absheron district,2008,30846.0,10481.0,796.0,25237.0,10481.0,0.8811278184312924,2943.039786279935,101.05064236319966,0.03433546594724423,2943.039786279935,101.05064236319966,0.03433546594724423
Absheron district,2009,32280.0,10535.0,521.0,23518.0,10535.0,0.8842668225592066,3064.0721404841006,101.68211551556922,0.033185287700016164,3064.0721404841006,101.68211551556922,0.033185287700016164
Absheron district,2010,32931.0,11740.0,522.0,22421.0,11740.0,0.8705142093711725,2805.0255536626914,100.33056810606621,0.03576814762883657,2805.0255536626914,100.33056810606621,0.03576814762883657
Absheron district,2011,40807.0,11972.0,338.0,22759.6,11972.0,0.8957436030095265,3408.5365853658536,103.47932131495227,0.030358870654118377,3408.5365853658536,103.47932131495227,0.030358870654118377
Absheron district,2012,40800.0,12201.0,351.0,22413.0,12201.0,0.8938273433010554,3343.988197688714,103.1425471183759,0.030844171994884914,3343.988197688714,103.1425471183759,0.030844171994884914
Absheron district,2013,40955.0,12133.0,382.0,22053.0,12133.0,0.8959987460822558,3375.504821561032,103.30698167770973,0.030604898271167184,3375.504821561032,103.30698167770973,0.030604898271167184
Absheron district,2014,40637.0,12153.0,463.0,21864.71,12153.0,0.8964268854432829,3343.7834279601743,103.14147875457482,0.030845741351584712,3343.7834279601743,103.14147875457482,0.030845741351584712
Absheron district,2015,42861.0,13398.0,101.0,21869.74,13398.0,0.8773622366361653,3199.0595611285266,102.3863977102358,0.03200515518820698,3199.0595611285266,102.3863977102358,0.03200515518820698
Absheron district,2016,49389.0,13461.0,114.0,2474.54,13461.0,0.9223209383338938,3669.0439046133274,104.83848993711301,0.0285737899743562,3669.0439046133274,104.83848993711301,0.0285737899743562
Absheron district,2017,48986.0,13357.0,247.0,2046.04,13357.0,0.9258115762956032,3667.4402934790746,104.8301232703256,0.028584002705298227,3667.4402934790746,104.8301232703256,0.028584002705298227
Absheron district,2018,52426.0,13149.0,167.0,2824.54,13149.0,0.9289137360425012,3987.071260171876,106.49776309654892,0.026710774939085982,3987.071260171876,106.49776309654892,0.026710774939085982
Absheron district,2019,49501.0,13184.0,135.0,2826.0,13184.0,0.9237460110089624,3754.6268203883496,105.28500949767835,0.028041404521472118,3754.6268203883496,105.28500949767835,0.028041404521472118
Absheron district,2020,49719.0,13155.0,187.3,140.0,13155.0,0.9345342493517144,3779.4754846066135,105.41465470229538,0.027891345011136503,3779.4754846066135,105.41465470229538,0.027891345011136503
Absheron district,2021,50370.0,13151.0,298.3,3081.0,13151.0,0.9272704491373444,3830.1269865409477,105.67892340803972,0.02759149338374291,3830.1269865409477,105.67892340803972,0.02759149338374291
Absheron district,2022,51186.0,14030.0,159.8,3220.0,14030.0,0.9213943811550116,3648.325017818959,104.73039139731631,0.028706431276215135,3648.325017818959,104.73039139731631,0.028706431276215135
Absheron district,2023,54440.0,11296.0,179.1,4151.0,11296.0,0.9384941290794756,4819.405099150142,110.84037443034856,0.022998766891352263,4819.405099150142,110.84037443034856,0.022998766891352263
Absheron district,2024,41695.0,11486.0,165.1,4481.0,11486.0,0.917662883917565,3630.071391258924,104.63515508482917,0.02882454470090773,3630.071391258924,104.63515508482917,0.02882454470090773
Agdash district,2005,26912.0,19123.0,11802.0,9716.0,29979.0,0.738493078377299,897.6950532039094,58.322692551452676,0.0649693816884661,1407.3105684254563,64.76414091233941,0.046019792905271494
Agdash district,2008,30285.0,22492.0,11035.0,7651.0,33746.0,0.7240085711644937,897.439696556629,58.35844248207194,0.06502770348357272,1346.4787479992885,63.95304997332385,0.047496516427274225
Agdash district,2009,32417.0,22828.0,12690.0,15111.0,34312.0,0.724588878911271,944.7715085101422,58.5969534468019,0.06202235452591747,1420.0543192570528,64.93405759009404,0.045726460396294126
Agdash district,2010,33297.0,23056.0,13728.0,7695.0,34629.0,0.7496968920656315,961.5351295157238,58.82046839354298,0.061173499114034295,1444.179389312977,65.2557251908397,0.04518533201189296
Agdash district,2011,34323.0,23541.0,12718.0,7792.84,35179.0,0.751867575697284,975.6673015151084,59.00889735353478,0.0604805523992658,1458.00943035555,65.440125738074,0.044883197855665295
Agdash district,2012,38208.0,23937.0,12398.0,7946.0,35727.0,0.7810499695275138,1069.4432781929634,60.25924370923951,0.05634636725293132,1596.1899987467102,67.2825333166228,0.04215195770519263
Agdash district,2013,39789.0,24528.0,11534.0,7780.04,36340.0,0.7858825762784909,1094.9091909741333,60.59878921298844,0.055345949885646784,1622.1868884540118,67.62915851272015,0.041690115358516175
Agdash district,2014,42691.0,24755.0,12872.0,8168.2,36886.0,0.8034059302711394,1157.376782519113,61.43169043358817,0.05307838498356406,1724.5404968693194,72.33690163603313,0.041945609144784624
Agdash district,2015,43761.0,24864.0,12301.0,9133.0,37077.0,0.8066852398469074,1180.2734849097824,61.7369797987971,0.05230735129453166,1760.0144787644788,74.40084240084241,0.04227285814891217
Agdash district,2016,55998.0,24275.0,8808.0,9118.0,35733.0,0.8680784306683516,1567.1228276383176,66.89497103517758,0.04268648880317155,2306.8177136972195,99.69480653229365,0.04321746184812723
Agdash district,2017,53344.0,23862.0,7742.0,9096.0,34334.0,0.8620080667165702,1553.678569348168,66.71571425797558,0.04294048690261948,2235.52091191015,99.89851168025672,0.04468690547604765
Agdash district,2018,52656.0,22314.0,7235.0,9075.0,31727.0,0.8721508860155593,1659.6589655498472,68.56197617744566,0.04131088229606917,2359.7741328314064,99.54350247762456,0.042183487433259545
Agdash district,2019,58027.0,23285.0,8997.0,11075.0,32134.0,0.8789895992794395,1805.78203771706,77.06368219444713,0.04267607085729684,2492.0334979600602,99.16561857725696,0.039793052002885354
Agdash district,2020,59319.0,24291.0,9449.0,10925.0,32509.0,0.875698522675898,1824.6946999292504,78.16405526861094,0.042836785392998414,2442.0155613190072,99.30852696765999,0.04066662331751089
Agdash district,2021,60772.0,24476.0,9931.0,11075.0,31997.0,0.878330929081534,1899.3030596618432,82.50490528941633,0.04343956846155226,2482.922046085962,99.19165129689725,0.03994956323870956
Agdash district,2022,63608.0,26116.0,10572.0,11167.0,32866.0,0.8747881160820865,1935.373942676322,84.60357484662237,0.043714329815574944,2435.595037524889,99.32687132135746,0.0407813572416767
Agdash district,2023,61865.0,24920.0,10346.5,11192.0,31196.0,0.8781542055823265,1983.1068085652007,87.38075977106622,0.04406255850348634,2482.5441412520063,99.19273102499427,0.03995607948182102
Agdash district,2024,59824.0,23996.0,10109.8,11256.0,29982.0,0.8789626179024637,1995.3305316523247,88.09195820522616,0.04414905541102385,2493.082180363394,99.16262234181887,0.039775111756390175
Aghdam district,2005,21941.0,13499.0,3795.0,2219.0,13991.0,0.8135388293062411,1568.222428704167,66.90963238272222,0.0426659070537654,1625.379657752426,67.67172877003235,0.04163441350287893
Aghdam district,2008,25649.0,13901.0,6447.0,3575.0,14347.0,0.8422938954376523,1787.7605074231546,76.015156795529,0.04251976508033275,1845.1190561830085,79.35238145064777,0.04300664566047232
Aghdam district,2009,26726.0,14515.0,6813.0,11957.0,14856.0,0.8196773144487448,1799.0037695207325,76.6693102266608,0.04261764845945045,1841.2676541508783,79.12829987786928,0.04297490356683652
Aghdam district,2010,26856.0,14528.0,7325.0,14411.0,14930.0,0.8170921064913422,1798.7943737441394,76.65712719965902,0.0426158366506892,1848.568281938326,79.5530636764117,0.043034960868741035
Aghdam district,2011,27100.0,14904.0,8069.0,13111.0,15200.0,0.8153117278781685,1782.8947368421052,75.73205741626793,0.0424770211338477,1818.3038110574344,77.79222173425073,0.042782851392150295
Aghdam district,2012,27605.0,16527.0,7645.0,11612.0,16850.0,0.7905239770202405,1638.2789317507418,67.8437190900099,0.041411580027772746,1670.2970896109396,69.18092157736376,0.041418333305889905
Aghdam district,2013,31362.0,17389.0,8287.0,11742.0,17757.0,0.8120238158142081,1766.1767190403784,74.75937274416748,0.04232836495817173,1803.5539709011443,76.93404921606658,0.04265691543326899
Aghdam district,2014,32576.0,17879.0,8742.0,11571.0,18135.0,0.8149777314110149,1796.3054866280672,76.51231922199663,0.04259426906590462,1822.0258403713854,78.00877616706242,0.042814308358635464
Aghdam district,2015,33312.0,18295.0,8882.0,10815.0,18400.0,0.8159387047628643,1810.4347826086957,77.33438735177866,0.04271592000698629,1820.825362120798,77.93893015975551,0.04280417649113614
Aghdam district,2016,34168.0,18596.0,8314.0,7995.0,18691.0,0.8237207711999541,1828.0455834358781,78.359015763542,0.04286491347566037,1837.3843837384384,78.90236414478187,0.04294276409612397
Aghdam district,2017,34612.0,18751.0,7561.0,10582.0,18844.0,0.8183405004465129,1836.7650180428784,78.86632832249474,0.04293762541630333,1845.8748866727108,79.3963570427759,0.04301285943918557
Aghdam district,2018,35866.0,19059.0,8185.0,10489.0,19147.0,0.8238499516406405,1873.1916227085183,80.98569441213198,0.04323406822364052,1881.8406002413558,81.48890765040616,0.04330276838535357
Aghdam district,2019,37873.0,19079.0,8409.0,9751.0,19165.0,0.8385120224527097,1976.1544482128882,86.97625880511349,0.0440128851688538,1985.0621101734891,87.49452277373028,0.044076466084017635
Aghdam district,2020,38843.0,19484.0,10002.2,20.0,19577.0,0.8428941699087434,1984.1140113398376,87.43936065977238,0.04406972591294091,1993.584479572983,87.99036972060992,0.044136765019086165
Aghdam district,2021,40211.0,20028.0,10440.1,15.0,20124.0,0.8384809597619072,1998.16139932419,88.25666323340741,0.04416893613461716,2007.7391651687637,88.81391506436444,0.0442357835146873
Aghdam district,2022,41823.0,20612.0,10476.3,16.0,20707.0,0.8414455631709022,2019.7517747621578,89.51283053161646,0.04431872849432566,2029.0607413157384,90.0544431310975,0.044382329861994155
Aghdam district,2023,43727.0,21302.0,11232.0,25013.0,21392.0,0.826294390705686,2044.081899775617,90.92840144149045,0.044483736904803985,2052.7180546427567,91.43086863376038,0.044541367201874446
Aghdam district,2024,45480.0,21870.0,9755.9,25013.0,21931.0,0.8281766939268782,2073.776845561078,92.65610737809908,0.04467988326537139,2079.5610425240056,92.99264247412397,0.04471743823458864
Aghdara district,2024,137.0,2093.0,379.7,1090.0,2219.0,0.1232643450025793,61.73952230734565,46.0,0.745065693430657,65.45628284758719,46.0,0.7027591240875912
Aghjabadi district,2005,47750.0,32948.0,19399.0,11803.0,39179.0,0.7350561378884327,1218.7651548023175,62.2502020640309,0.0510764537521815,1449.2533689450042,65.32337825260005,0.045073815008726
Aghjabadi district,2008,48040.0,33610.0,29854.0,11803.0,39992.0,0.7297852264258761,1201.2402480496098,62.016536640661464,0.05162708853733001,1429.3365069919666,65.05782009322623,0.045516097696364145
Aghjabadi district,2009,48072.0,34187.0,26417.0,14884.0,40093.0,0.7171117213610274,1199.0122964108448,61.98683061881126,0.05169824430021634,1406.1485359932137,64.74864714657619,0.046046804792810786
Aghjabadi district,2010,48342.0,34220.0,27838.0,18900.0,40107.0,0.7116337999603942,1205.3257536090957,62.07101004812128,0.05149729014107815,1412.6826417299824,64.83576855639977,0.045895494600968104
Aghjabadi district,2011,48526.0,34777.0,28663.0,11532.0,40315.0,0.721059522702347,1203.671090164951,62.048947868866016,0.05154975339680447,1395.3474997843402,64.60463333045787,0.046300031598181045
Aghjabadi district,2012,50236.0,36664.0,28043.0,11473.0,42347.0,0.7137941816247413,1186.2941884903298,61.81725584653773,0.05210954959258965,1370.1723761728126,64.2689650156375,0.04690575151949466
Aghjabadi district,2013,57915.0,36705.0,27446.0,14644.0,42461.0,0.7580178931597236,1363.9575139539813,64.18610018605308,0.04705872399205732,1577.8504290968533,67.03800572129138,0.042486920486920494
Aghjabadi district,2014,66545.0,37020.0,29623.0,14821.0,42797.0,0.7990183057608368,1554.8987078533542,66.73198277137806,0.04291725398852907,1797.5418692598596,76.58425421148274,0.04260499047124639
Aghjabadi district,2015,89088.0,37158.0,33025.0,14621.0,42955.0,0.867140600812561,2073.9844022814573,92.6681834054666,0.04468123448928944,2397.5456160180847,99.43558395423405,0.04147390701970444
Aghjabadi district,2016,101287.0,38429.0,29176.0,14155.0,44251.0,0.8833344794194548,2288.920024406228,99.74594278741078,0.04357773173542226,2635.6917952587887,99.44708762743716,0.03773092430849746
Aghjabadi district,2017,101596.0,38680.0,23106.0,14155.0,44551.0,0.882983606963757,2280.4426387735402,99.77016388921845,0.04375035012627043,2626.5770423991726,99.39953239512612,0.03784375283518522
Aghjabadi district,2018,101710.0,38463.0,19821.0,20175.0,44612.0,0.8795574771403665,2279.879852954362,99.77177184870182,0.043761855134345544,2644.359514338455,99.49231050959195,0.03762435098938585
Aghjabadi district,2019,123886.0,38572.0,22071.0,20621.0,42513.0,0.9054050509241826,2914.073342271776,100.89951309011362,0.03462490515473903,3211.8116768640466,102.45293048798634,0.031898797562134616
Aghjabadi district,2020,126642.0,38251.0,23783.9,12278.0,41702.0,0.9129517788966444,3036.832765814589,101.53999703903264,0.03343615038077209,3310.8154035188622,102.9694716705332,0.031100940137312783
Aghjabadi district,2021,127030.0,38467.0,24753.5,12024.0,41658.0,0.9128162513043836,3049.354265687263,101.60532660358572,0.033320276278455276,3302.3110718278003,102.92510124431895,0.03116759717834541
Aghjabadi district,2022,138810.0,42610.0,24966.0,13226.0,45366.0,0.910652681313912,3059.7804523211216,101.65972409906672,0.03322451583803948,3257.685989204412,102.69227472628388,0.0315230734535477
Aghjabadi district,2023,155630.0,46658.0,17506.2,13987.0,49112.0,0.9131572281597242,3168.8792963023293,102.22893545896868,0.03226028065450665,3335.5480303484933,103.0985114626878,0.0309090172063618
Aghjabadi district,2024,167207.0,50276.0,20516.3,14031.0,52696.0,0.9128370288334456,3173.04918779414,102.25069141457813,0.03222474199514739,3325.7816850982576,103.04755661790395,0.03098446211296022
Aghstafa district,2005,10512.0,8326.0,900.0,27737.0,10421.0,0.6324216896930915,1008.7323673351885,59.44976489780252,0.058935121765601214,1262.5510449195292,62.83401393226039,0.049767503805175035
Aghstafa district,2008,11047.0,8833.0,5503.0,6896.0,11068.0,0.7287715149899213,998.102638236357,59.30803517648476,0.059420777888416154,1250.6509679610551,62.67534623948073,0.05011417881174376
Aghstafa district,2009,11072.0,9034.0,6685.0,6280.0,11340.0,0.7267952167801758,976.3668430335097,59.01822457378013,0.06044677263969171,1225.5922072171795,62.3412294295624,0.050866209055876695
Aghstafa district,2010,13644.0,9153.0,7057.0,6249.0,11427.0,0.7930889673098773,1194.0141769493305,61.92018902599107,0.05185883905013192,1490.6588003933136,65.87545067191085,0.04419217238346526
Aghstafa district,2011,13862.0,9276.0,6097.0,8042.0,11543.0,0.7846107571180183,1200.9009789482805,62.01201305264374,0.051637906987928625,1494.394135403191,65.92525513870922,0.044115038714952155
Aghstafa district,2012,14863.0,9369.0,5536.0,8044.0,11627.0,0.800417648556174,1278.3177087812849,63.0442361170838,0.04931812778936509,1586.4019639235778,67.1520261856477,0.04232976743142927
Aghstafa district,2013,16092.0,9415.0,6920.0,8433.0,11665.0,0.8232284799417845,1379.511358765538,64.39348478354052,0.04667847377578922,1709.1874668082846,71.44363443248201,0.041799764987684444
Aghstafa district,2014,16334.0,9476.0,5341.0,8655.0,11734.0,0.8206319104714759,1392.0231805011078,64.56030907334811,0.04637876005061018,1723.723089911355,72.28934341302428,0.041937909769916626
Aghstafa district,2015,16642.0,9601.0,6455.0,8655.0,11796.0,0.8244225382738731,1410.8172261783654,64.81089634904487,0.04593854905259784,1733.361108217894,72.85010084176838,0.04202823087260054
Aghstafa district,2016,16985.0,9606.0,6088.0,7632.0,11840.0,0.8310593403429455,1434.543918918919,65.12725225225225,0.045399273869100185,1768.1657297522381,74.87509700376658,0.0423461985174084
Aghstafa district,2017,17112.0,9642.0,5157.0,6262.0,11881.0,0.8332465275154846,1440.2828044777375,65.20377072636984,0.04527150537634409,1774.7355320472932,75.25734004638797,0.04240481958434273
Aghstafa district,2018,17170.0,9669.0,5487.0,8991.5,11907.0,0.827064860277952,1442.0089023263627,65.2267853643515,0.0452332750922151,1775.7782604198987,75.31800787897592,0.042414083761317306
Aghstafa district,2019,17245.0,9696.0,5362.0,3301.0,11938.0,0.8440547489042634,1444.5468252638632,65.2606243368515,0.045177230115009175,1778.5684818481848,75.48034803480348,0.042438820211391975
Aghstafa district,2020,17317.0,9712.0,5214.0,3318.0,11954.0,0.8441768076526385,1448.636439685461,65.31515252913948,0.04508733229389232,1783.0518945634267,75.74120113823574,0.042478405350496365
Aghstafa district,2021,17370.0,9717.0,5058.0,3869.0,11965.0,0.8422511317807932,1451.7342248223986,65.35645633096532,0.0450195739781232,1787.588761963569,76.00516433242584,0.04251826032344167
Aghstafa district,2022,17621.0,9763.0,4730.5,3869.0,12018.0,0.8434818563174151,1466.217340655683,65.54956454207577,0.04470658116262792,1804.8755505479874,77.01094112279199,0.04266828319515455
Aghstafa district,2023,18077.0,10137.0,4214.6,3869.0,12303.0,0.8381589115737551,1469.316426887751,65.59088569183668,0.04464040862237465,1783.2692117983624,75.75384505008654,0.04248031903926134
Aghstafa district,2024,18154.0,10766.0,4543.0,1139.0,12159.0,0.8380888927846721,1493.0504153302081,65.90733887106944,0.04414274172817745,1686.2344417610998,70.10818570246398,0.041576772461866654
Aghsu district,2005,22724.0,13271.0,1520.0,140.0,17731.0,0.8364642341519475,1281.597202639445,63.08796270185927,0.049226045883940625,1712.3050259965337,71.62501969434378,0.0418295914611704
Aghsu district,2008,23347.0,14015.0,592.0,162.0,18368.0,0.8263888540410667,1271.0692508710802,62.9475900116144,0.04952333633157722,1665.8580092757759,68.92264781240878,0.04137366295844901
Aghsu district,2009,23396.0,14262.0,875.0,162.0,18523.0,0.8236448898222594,1263.0783350429197,62.84104446723893,0.04975229383940275,1640.4431356051045,67.8725751414014,0.04137453695788454
Aghsu district,2010,24177.0,14506.0,941.0,190.0,18654.0,0.827781961948314,1296.0759086522999,63.281012115364,0.04882508168920875,1666.6896456638633,68.97103392953386,0.04138204980691641
Aghsu district,2011,25019.0,14736.0,1027.0,85.4,18719.0,0.8307402923967826,1336.5564399807681,63.820752533076906,0.047750136562878874,1697.814875135722,70.78195637153293,0.04169003193936245
Aghsu district,2012,25545.0,14864.0,790.0,818.0,18764.0,0.8271891159649974,1361.3835003197612,64.15178000426349,0.04712248972401644,1718.5818083961249,71.99021430668363,0.041889314756490326
Aghsu district,2013,26979.0,15010.0,739.0,965.52,18821.0,0.8360722500059719,1433.4519951118432,65.11269326815791,0.04542369991474851,1797.4017321785477,76.57610078129733,0.04260377600086263
Aghsu district,2014,27892.0,15184.0,870.0,2593.53,18840.0,0.82929620061598,1480.4670912951167,65.73956121726822,0.04440460825087241,1836.9336143308747,78.87613756106907,0.042939024549235365
Aghsu district,2015,29419.0,15341.0,1294.0,2901.52,18867.0,0.8407081784833809,1559.2834048868394,66.79044539849119,0.04283406415355156,1917.671598983117,83.57362030447227,0.04358077803769364
Aghsu district,2016,29654.0,15430.0,1038.0,3464.52,18901.0,0.8367250049132259,1568.9116977937674,66.91882263725023,0.04265302039072862,1921.840570317563,83.81617863665822,0.04361245148592556
Aghsu district,2017,30010.0,15534.0,2302.0,3854.22,18368.0,0.8420677800407023,1633.8196864111499,67.784262485482,0.04148821503943131,1931.891335135831,84.4009504079029,0.04368824937142164
Aghsu district,2018,30165.0,15863.0,1282.0,2182.82,18421.0,0.8426215393417369,1637.5332500950003,67.83377666793334,0.04142436598707111,1901.5949063859296,82.63824909881772,0.04345733616623722
Aghsu district,2019,30354.0,16126.0,1066.0,2180.0,18453.0,0.8391275466116842,1644.9357827995448,67.93247710399393,0.04129795084667589,1882.3018727520773,81.51574532375723,0.043306414610624934
Aghsu district,2020,31187.0,16510.0,842.6,3005.0,18622.0,0.833503279089539,1674.7395553646224,69.43939231212349,0.04146280064245883,1888.976377952756,81.9040801717967,0.043358975330630184
Aghsu district,2021,31531.0,16857.0,886.2,3913.0,18895.0,0.8267592884461603,1668.748346123313,69.0908128653564,0.04140277533509591,1870.4989025330724,80.82902705646967,0.043212549842723325
Aghsu district,2022,31120.0,16880.0,980.8,4139.0,18906.0,0.8227497412783065,1646.0382947212524,67.94717726295004,0.04127922022279348,1843.601895734597,79.26411029728564,0.042994157513437714
Aghsu district,2023,31765.0,17012.0,846.4,4133.0,18926.0,0.8249348052607702,1678.3789495931524,69.65113888541977,0.04149905413333715,1867.2113802022102,80.63775302994678,0.04318619406722665
Aghsu district,2024,32260.0,16489.0,959.4,4132.0,18645.0,0.837228559011526,1730.2225797801018,72.66749555084229,0.041998929155159785,1956.455819030869,85.8301567436142,0.043870224877416444
Astara district,2008,18620.0,22049.0,395.0,518.0,22521.0,0.5856973695826486,826.7838905910039,68.25025531725946,0.08254908700322236,844.4827429815412,65.77241598258423,0.07788485499462942
Astara district,2009,19365.0,21793.0,675.0,474.0,22298.0,0.6059685201075011,868.4635393308816,62.415104493676566,0.07186842241156725,888.5880787408801,59.59766897627679,0.06707007487735607
Astara district,2010,21108.0,22027.0,997.0,480.0,22374.0,0.6352281689463436,943.4164655403594,58.57888620720479,0.06209228728444192,958.2784764153084,58.77704635220411,0.06133608110668941
Astara district,2011,21578.0,22011.0,906.0,317.7,22233.0,0.6469338011362902,970.5392884451041,58.94052384593472,0.06072966292829116,980.3280178092772,59.07104023745703,0.06025640312664132
Astara district,2012,29863.0,22035.0,1005.0,413.0,22238.0,0.7657309305594705,1342.8815540965913,63.90508738795455,0.04758802978044179,1355.2530065804401,64.0700400877392,0.04727533514159104
Astara district,2013,29925.0,22067.0,1142.0,596.6,22277.0,0.7631972941925194,1343.3137316514792,63.910849755353055,0.04757700918964077,1356.0973399193365,64.08129786559115,0.04725420217209691
Astara district,2014,30010.0,22084.0,1111.0,630.1,22300.0,0.7633853161519861,1345.7399103139014,63.94319880418535,0.047515272686882146,1358.9023727585582,64.11869830344745,0.04718418305009442
Astara district,2015,30126.0,22095.0,1124.0,635.8,22329.0,0.7644404483804956,1349.1871557167808,63.98916207622374,0.04742793600212441,1363.4758995247794,64.1796786603304,0.04707063665936401
Astara district,2016,30166.0,22080.0,1303.0,597.4,22331.0,0.7657358554927203,1350.8575522815815,64.01143403042109,0.0473857764812482,1366.213768115942,64.21618357487922,0.047003027691219695
Astara district,2017,30186.0,19768.0,1132.0,545.8,20079.0,0.8003622536439365,1503.361721201255,66.04482294935006,0.0439314251639833,1527.0133549170375,66.3601780655605,0.04345749685284569
Astara district,2018,27164.0,19769.0,1332.0,883.9,20015.0,0.7630212275291706,1357.1821134149388,64.09576151219919,0.0472270897756835,1374.0705144418027,64.32094019255737,0.046810509007019094
Astara district,2019,27338.0,19760.0,1336.0,893.0,20005.0,0.7652001025990836,1366.5583604098974,64.22077813879864,0.046994537517984734,1383.502024291498,64.44669365721997,0.04658229082839515
Astara district,2020,27352.0,19602.0,1319.2,569.0,19866.0,0.7724349776213753,1376.824725661935,64.3576630088258,0.046743540996392705,1395.367819610244,64.60490426146993,0.046299551525787276
Astara district,2021,27626.0,19785.0,1349.4,538.0,19993.0,0.7731566199606118,1381.783624268494,64.42378165691325,0.04662363956659185,1396.310336113217,64.61747114817624,0.04627729916262458
Astara district,2022,27896.0,19601.0,1307.8,587.0,19819.0,0.7785378977971419,1407.5382208991373,64.76717627865517,0.04601450626135169,1423.1926942502932,64.97590259000391,0.045655028199980886
Astara district,2023,28175.0,18090.0,1353.3,511.0,18254.0,0.8067186443183748,1543.4973156568424,66.5799642087579,0.04313578231292517,1557.4903261470427,66.76653768196057,0.042868027210884355
Astara district,2024,25966.0,17888.0,1373.6,581.0,18072.0,0.784963756346018,1436.8083222664895,65.15744429688652,0.045348738093404194,1451.587656529517,65.35450208706023,0.045022773370304754
Balakan district,2005,13964.0,13458.0,935.0,37592.0,16976.0,0.5369538712840382,822.5730442978322,68.8397737983035,0.08368834144944144,1037.5984544508842,59.834646059345125,0.05766647569941755
Balakan district,2008,14107.0,13925.0,1769.0,36859.0,17368.0,0.5418909918014817,812.2409028097651,70.28627360663289,0.08653377755724109,1013.0700179533213,59.507600239377616,0.05873986909572079
Balakan district,2009,14115.0,14153.0,2776.0,1611.0,17525.0,0.6433015972597685,805.4208273894436,71.2410841654779,0.08845200141693235,997.3150568784004,59.297534091712,0.059457173219978746
Balakan district,2010,15625.0,14289.0,3416.0,1535.0,17513.0,0.6818834301605939,892.1943698966483,59.092788214469245,0.066233088,1093.4984953460705,60.579979937947606,0.055400149333333336
Balakan district,2011,15656.0,15107.0,3214.0,1535.9,18245.0,0.658817470881502,858.0981090709784,63.86626473006303,0.07442769545222279,1036.3407691798504,59.81787692239801,0.05772027763583717
Balakan district,2012,16420.0,15272.0,2312.0,1536.0,18256.0,0.669714761729325,899.43032427695,58.079754601226995,0.06457393422655298,1075.1702462022001,60.335603282696,0.05611725537961835
Balakan district,2013,18865.0,15485.0,2070.0,1289.7,18341.0,0.7190934016423028,1028.5698707813096,59.7142649437508,0.058055623288276355,1218.2757507265096,62.24367667635346,0.05109161586712607
Balakan district,2014,19996.0,15581.0,2402.0,1192.2,18363.0,0.740325212992963,1088.9288242661873,60.51905099021583,0.05557668200306728,1283.3579359476284,63.111439145968376,0.04917680202707208
Balakan district,2015,20556.0,15648.0,2864.0,1260.77,18443.0,0.7490625664598222,1114.5692132516401,60.860922843355205,0.0546048842187196,1313.6503067484662,63.515337423312886,0.048350262697022764
Balakan district,2016,20654.0,15607.0,3014.0,1432.87,17827.0,0.7502937447668983,1158.5796825040668,61.447729100054225,0.053037119524870086,1323.3805343756007,63.645073791674676,0.0480927988121752
Balakan district,2017,20784.0,15766.0,3085.0,1640.87,17845.0,0.746872933875944,1164.6959932754273,61.52927991033903,0.0528286181678214,1318.2798426994798,63.577064569326396,0.048227290223248655
Balakan district,2018,21065.0,15808.0,2800.0,1556.4,17697.0,0.7506255187640352,1190.314742611742,61.870863234823226,0.05197857425429226,1332.5531376518218,63.76737516869096,0.047853532716195905
Balakan district,2019,21158.0,16300.0,2685.0,1258.0,18104.0,0.7436424117079907,1168.6920017675652,61.58256002356754,0.052693575322179165,1298.0368098159508,63.30715746421268,0.04877146548192961
Balakan district,2020,21690.0,16469.0,3096.0,575.0,18214.0,0.7571791305969267,1190.8422092895576,61.877896123860765,0.051961456892577224,1317.0198554860647,63.560264739814194,0.04826067312125403
Balakan district,2021,21929.0,15682.0,2986.0,637.0,17404.0,0.7771763185166654,1259.9977016777752,62.79996935570367,0.04984133643424992,1398.3548016834588,64.64473068911279,0.04622913341541642
Balakan district,2022,22180.0,12486.0,2968.0,637.0,13739.0,0.8466337084207285,1614.3824150229275,67.52509886697237,0.041827201683198076,1776.3895563030594,75.35357418490527,0.04241950979588491
Balakan district,2023,22312.0,12037.0,2663.0,390.0,13171.0,0.8574756280562253,1694.0247513476577,70.56144007840918,0.04165313406564751,1853.618011132342,79.84686610224534,0.043076224779164896
Balakan district,2024,22373.0,11929.0,2863.0,880.0,12950.0,0.8569327112617567,1727.6447876447876,72.51751491751492,0.041974782916096104,1875.5134546064214,81.12078281346452,0.04325257310963296
Barda district,2005,38000.0,25079.0,15380.0,100.0,32248.0,0.7848016415752713,1178.3676507070206,61.711568676093606,0.052370385964912274,1515.2119303002512,66.20282573733668,0.04369212280701754
Barda district,2008,44100.0,30416.0,27564.0,100.0,36008.0,0.760011860836163,1224.7278382581649,62.32970451010887,0.05089269841269841,1449.894792214624,65.33193056286166,0.04505977324263039
Barda district,2009,46300.0,31186.0,27068.0,100.0,36943.0,0.767558478232513,1253.2820832092684,62.71042777612358,0.050036961843052556,1484.6405438337715,65.79520725111695,0.04431726421886249
Barda district,2010,47604.0,31714.0,34994.0,106.0,37550.0,0.7685506628171999,1267.7496671105193,62.903328894806926,0.04961809931938493,1501.0405499148642,66.01387399886485,0.04397874128224519
Barda district,2011,49964.0,32829.0,33387.0,106.0,38423.0,0.7728031488419553,1300.3669677016371,63.338226236021825,0.04870796306674138,1521.947059002711,66.29262745336948,0.043557774931283856
Barda district,2012,51450.0,33809.0,29378.0,6.0,39297.0,0.691800382658077,1309.2602488739599,63.456803318319466,0.04846767735665695,1521.784140317667,66.29045520423556,0.043561010689990284
Barda district,2013,57115.0,35803.0,31573.0,506.0,41185.0,0.7988371731756595,1386.791307514872,64.49055076686496,0.04650342875485132,1595.2573806664245,67.27009840888566,0.04216880562607604
Barda district,2014,65433.0,36758.0,31041.0,227.0,42021.0,0.8250708142686005,1557.1499964303562,66.76199995240475,0.042874482294866505,1780.102290657816,75.56958782009112,0.04245238502118059
Barda district,2015,69047.0,36852.0,33835.0,232.0,42042.0,0.8369390972349259,1642.333856619571,67.89778475492761,0.04134225479262917,1873.6296537501357,81.01117985455335,0.04323756281952873
Barda district,2016,79830.0,37150.0,31204.0,11.2,42015.0,0.824293820508518,1900.035701535166,82.54753172568239,0.043445252980765944,2148.85598923284,97.02434846445614,0.04515162902987029
Barda district,2017,81536.0,38294.0,26641.0,571.0,42045.0,0.8675954661443227,1939.2555595195624,84.82941437204727,0.04374328796203796,2129.2108424296234,95.88135810499628,0.045031406093906094
Barda district,2018,82008.0,39542.0,26776.0,6.2,42635.0,0.7990151001295129,1923.4900903013956,83.91215070844484,0.04362494568157431,2073.9466895958726,92.66598921285077,0.04468098899442183
Barda district,2019,82618.0,39380.0,28783.0,20.0,42003.0,0.8322291691207451,1966.9547413280004,86.44100313181093,0.043946615199417255,2097.9685119349924,94.06362251258138,0.044835574021949876
Barda district,2020,89962.0,39321.0,28981.0,26.0,41945.0,0.8562330059479012,2144.760996543092,96.78609434432535,0.04512675048656907,2287.8868797843393,99.7488946291876,0.0435987004036625
Barda district,2021,86540.0,41443.0,29431.0,54.0,43805.0,0.8472410576891668,1975.5735646615683,86.94246194394579,0.04400871903691409,2088.169292763555,93.49348612442502,0.04477294367292057
Barda district,2022,93292.0,44064.0,27864.0,656.0,46270.0,0.8657298403575108,2016.2524313810245,89.30923237125961,0.044294668158236315,2117.1931735657226,95.1821482801875,0.0449567613709448
Barda district,2023,96741.0,45218.0,24786.0,649.0,47321.0,0.8684002118230763,2044.3566281355002,90.94438563697456,0.04448557770466786,2139.435622981998,96.47625442804353,0.045094254480802065
Barda district,2024,100184.0,48023.0,25892.0,651.0,49957.0,0.8634234229751763,2005.4046479972776,88.6780886107507,0.044219548757558826,2086.1670449576245,93.37699170662543,0.04476007419076173
Beylagan district,2005,22725.0,20070.0,19538.0,7949.0,22638.0,0.6645166515713281,1003.8430956798304,59.38457460906441,0.05915722772277228,1132.286995515695,61.097159940209266,0.05395907590759076
Beylagan district,2008,26733.0,23526.0,27501.0,8225.0,25307.0,0.6611389783452066,1056.3480459951793,60.08464061326906,0.05687958702726967,1136.3172660035705,61.150896880047604,0.053814985224254666
Beylagan district,2009,30360.0,24258.0,24825.0,8230.0,25975.0,0.6969037045667018,1168.8161693936477,61.5842155919153,0.05268939393939394,1251.545881770962,62.687278423612824,0.050087878787878785
Beylagan district,2010,34768.0,24841.0,25326.0,8243.0,26358.0,0.7377648714573816,1319.0682145838075,63.58757619445077,0.04820643503604847,1399.6215933336016,64.66162124444803,0.04619935956435037
Beylagan district,2011,36350.0,25158.0,26233.0,8416.5,26581.0,0.7483208610039117,1367.518152063504,64.23357536084671,0.04697091242549289,1444.868431512839,65.26491242017119,0.045170142136634575
Beylagan district,2012,37740.0,25402.0,28775.0,8305.0,26788.0,0.758286626331133,1408.8397790055249,64.78453038674033,0.045984313725490195,1485.709786630974,65.80946382174632,0.04429496555378908
Beylagan district,2013,38773.0,25693.0,28730.0,8285.5,27070.0,0.7632901874255676,1432.323605467307,65.09764807289743,0.04544898081998642,1509.0880784649516,66.12117437953269,0.04381531821972335
Beylagan district,2014,39130.0,25751.0,24880.0,10900.5,27140.0,0.7587476922530055,1441.783345615328,65.2237779415377,0.04523826561035863,1519.5526387324765,66.26070184976635,0.043605400800749636
Beylagan district,2015,39457.0,25856.0,28853.0,10153.5,27271.0,0.7623186467999123,1446.8483003923582,65.29131067189812,0.04512657661082529,1526.0287747524753,66.347050330033,0.043476932694663385
Beylagan district,2016,39520.0,26205.0,24348.0,5275.4,27614.0,0.7710716686580333,1431.1581082059824,65.0821081094131,0.04547513495276653,1508.109139477199,66.10812185969598,0.04383510458839406
Beylagan district,2017,39573.0,27273.0,21346.0,13604.4,27705.0,0.7347073930848388,1428.370330265295,65.0449377368706,0.04553786672731407,1450.9954900450996,65.34660653393466,0.04503570616329315
Beylagan district,2018,39621.0,27438.0,20748.0,9954.4,27827.0,0.7411453299375226,1423.8329679807382,64.98443957307651,0.04564049367759522,1444.0192433850864,65.25358991180116,0.04518886449105273
Beylagan district,2019,39663.0,27890.0,22634.0,4472.0,28282.0,0.7526823371001793,1402.4114277632416,64.69881903684322,0.04613397877114691,1422.1226245966295,64.96163499462173,0.045679348511206926
Beylagan district,2020,39796.0,28148.0,22890.5,5448.0,28356.0,0.7467863203787296,1403.4419523204965,64.71255936427329,0.04610989379167086,1413.8127042773908,64.85083605703188,0.04586946761818609
Beylagan district,2021,39899.0,28346.0,23809.0,5493.0,28463.0,0.7449346506039188,1401.7847732143484,64.69046364285798,0.04614864198768557,1407.570733084033,64.76760977445377,0.046013751388923704
Beylagan district,2022,39925.0,28314.0,23570.5,4231.0,28420.0,0.7503539390349679,1404.8205489092188,64.73094065212291,0.046077729075349606,1410.0798191707283,64.80106425560972,0.04595560008348988
Beylagan district,2023,39965.0,28114.0,21134.5,4095.0,28220.0,0.7538865311276541,1416.194188518781,64.88258918025042,0.045814754576921475,1421.5337554243438,64.95378340565792,0.04569274782101005
Beylagan district,2024,40027.0,27857.0,21091.5,4069.0,27959.0,0.7578678185844594,1431.6320326191924,65.08842710158923,0.04546449479934377,1436.8740352514628,65.1583204700195,0.04534727392343501
Bilasuvar district,2005,14535.0,15109.0,3846.0,10537.0,18121.0,0.5837905359677293,802.1080514320402,71.70487279951438,0.08939552803577572,962.0093983718314,58.826791978291084,0.061149914000688
Bilasuvar district,2008,14623.0,16557.0,7267.0,4858.0,19166.0,0.5793635248335013,762.9656683710738,69.03725346968591,0.09048539971278123,883.1913994081053,60.353204082865254,0.06833536210080011
Bilasuvar district,2009,22066.0,17057.0,7410.0,4895.0,19304.0,0.7245185063069263,1143.0791545793618,61.24105539439149,0.053575515876612585,1293.6624259834673,63.24883234644623,0.04889129580954107
Bilasuvar district,2010,23573.0,17413.0,7615.0,4125.0,19463.0,0.744362518282224,1211.1699121409854,62.148932161879806,0.05131314074011228,1353.7586860391662,64.05011581385556,0.04731280136879764
Bilasuvar district,2011,23781.0,17588.0,6746.0,4242.0,19510.0,0.7420131899404017,1218.9133777549973,62.25217837006663,0.051071864093183636,1352.1150784625881,64.02820104616784,0.04735410621925066
Bilasuvar district,2012,26955.0,17831.0,7675.0,4118.0,19652.0,0.7808622113152365,1371.6161204966415,64.28821493995522,0.046870413652383605,1511.6931187258147,66.15590824967752,0.04376278983491003
Bilasuvar district,2013,27314.0,18139.0,7863.0,4353.85,19895.0,0.7783082741017451,1372.907765770294,64.30543687693725,0.04683886163383856,1505.8161971442748,66.077549295257,0.04388155036489225
Bilasuvar district,2014,27392.0,18450.0,8555.0,4333.85,19992.0,0.7740101325783075,1370.1480592236894,64.2686407896492,0.046906347352024924,1484.6612466124661,65.79548328816621,0.04431683216510903
Bilasuvar district,2015,27693.0,18585.0,10158.0,4289.85,20187.0,0.7763611090689385,1371.823450735622,64.29097934314163,0.046865345033040844,1490.0726392251815,65.86763518966909,0.0442043115588777
Bilasuvar district,2016,27995.0,18760.0,8064.0,13898.95,20260.0,0.7455381697060588,1381.786771964462,64.42382362619283,0.046623563731618745,1492.27078891258,65.89694385216774,0.044158837887718044
Bilasuvar district,2018,27105.0,18339.0,5562.0,8411.0,19464.0,0.7536098927240424,1392.5709001233045,64.56761200164406,0.046365762774395865,1477.9977097987894,65.70663613065052,0.044456520937096476
Bilasuvar district,2019,27165.0,18263.0,6289.0,2559.0,19393.0,0.7820319005719669,1400.7631619656577,64.6768421595421,0.04617257500460151,1487.4336089361002,65.832448119148,0.04425908337934842
Bilasuvar district,2020,27202.0,18397.0,6404.3,2559.0,19525.0,0.7800961877937654,1393.1882202304737,64.57584293640632,0.046351126142685585,1478.610643039626,65.71480857386167,0.04444361934171507
Bilasuvar district,2021,27376.0,18572.0,7288.3,2559.0,19586.0,0.7796284210316743,1397.7330746451546,64.63644099526873,0.04624376582894993,1474.0469524014645,65.65395936535286,0.044539937658289494
Bilasuvar district,2022,27472.0,18681.0,7635.2,2559.0,19603.0,0.7789962984035029,1401.41815028312,64.68557533710826,0.04615722675208697,1470.5850864514748,65.60780115268633,0.044613400310619306
Bilasuvar district,2023,27496.0,18713.0,7467.7,2559.0,19509.0,0.7785683669027235,1409.400789379261,64.79201052505681,0.045971317040054305,1469.3528563031048,65.59137141737473,0.044639632431383955
Bilasuvar district,2024,27511.0,18741.0,7598.0,102.0,19528.0,0.7863287891059175,1408.7976239246211,64.78396831899495,0.04598529073219198,1467.9579531508457,65.57277270867795,0.04466938073255547
Dashkasan district,2008,19025.0,12777.0,75.0,304.0,13002.0,0.7781000511736574,1463.2364251653592,65.5098190022048,0.04477049496276829,1489.0036784847773,65.85338237979703,0.04422647393780114
Dashkasan district,2009,19032.0,13137.0,80.0,270.0,13316.0,0.7717031898554337,1429.25803544608,65.05677380594773,0.04551786464901219,1448.7325873487098,65.3164344979828,0.04508522488440521
Dashkasan district,2010,19341.0,13375.0,85.0,270.0,13563.0,0.7720269891164905,1426.0119442601194,65.01349259013493,0.045591127656274245,1446.056074766355,65.28074766355141,0.04514399462282199
Dashkasan district,2011,20213.0,13584.0,100.0,270.0,13766.0,0.7827687918175175,1468.3277640563708,65.57770352075161,0.04466148848101058,1488.0005889281508,65.84000785237535,0.04424729959267139
Dashkasan district,2012,20527.0,13792.0,442.0,270.0,13962.0,0.7925528271842553,1470.2048417132216,65.60273122284296,0.044621490394764624,1488.3265661252901,65.84435421500388,0.04424052873451228
Dashkasan district,2013,21511.0,14015.0,362.0,270.0,14185.0,0.8006134701830916,1516.4610504053578,66.21948067207144,0.043667116049153146,1534.8555119514806,66.46474015935307,0.043303581113538804
Dashkasan district,2014,21516.0,13870.0,298.0,270.0,14047.0,0.802562824711778,1531.7149569303053,66.42286609240406,0.04336503067484662,1551.2617159336698,66.68348954578227,0.042986614612381485
Dashkasan district,2015,22713.0,13199.0,49.0,270.0,13350.0,0.8191223706669368,1701.3483146067415,70.98753830439223,0.04172428284962956,1720.8121827411167,72.11998154130133,0.04191043175113971
Dashkasan district,2016,22892.0,13436.0,256.0,720.0,13595.0,0.8184276044839613,1683.8543582199338,69.96970811461433,0.04155330166949947,1703.7808871688003,71.12906979891201,0.04174778008990834
Dashkasan district,2017,23548.0,12307.0,251.0,720.0,12433.0,0.8459082220430895,1893.9917960267032,82.19588631428091,0.043398227218679065,1913.3826277728122,83.32408016132726,0.04354804885958275
Dashkasan district,2018,22763.0,11470.0,282.0,720.0,11628.0,0.8544092051437638,1957.6023391812867,85.89686337054758,0.043878606830063144,1984.568439407149,87.4658001109614,0.044072957311106935
Dashkasan district,2019,22174.0,10639.0,160.0,620.0,10751.0,0.8611006421922761,2062.5058134127057,92.00033823492106,0.04460609887091352,2084.2184415828556,93.26361841936614,0.04474752576727863
Dashkasan district,2020,22054.0,11539.0,160.0,420.0,11657.0,0.8469432642549567,1891.9104400789226,82.0747892409555,0.043381963280213036,1911.257474651183,83.2004348887961,0.043531777372894626
Fuzuli district,2005,7750.0,7731.0,3411.0,2987.0,8630.0,0.664163704063373,898.0301274623407,58.275782155272296,0.06489290322580644,1002.4576380804554,59.36610184107274,0.05922055913978495
Fuzuli district,2008,6420.0,12729.0,6500.0,2800.0,13702.0,0.4169703941058509,468.5447379944534,46.0,0.09817632398753894,504.36012255479613,48.34880980438369,0.09586168224299066
Fuzuli district,2009,6757.0,13347.0,4064.0,2800.0,14437.0,0.4120623657921181,468.03352497056176,46.0,0.0982835577919195,506.25608751030194,48.50048700082416,0.09580227911795175
Fuzuli district,2010,7631.0,13757.0,7223.0,3872.0,14801.0,0.4369658801715949,515.5732720762111,49.24586176609689,0.09551670816406761,554.6994257468925,52.3759540597514,0.09442222513432054
Fuzuli district,2011,9615.0,13988.0,6447.0,4182.0,14798.0,0.4994656403293092,649.7499662116502,59.97999729693201,0.09231242849713987,687.3748927652273,62.98999142121818,0.09163848153926156
Fuzuli district,2012,11628.0,13999.0,6884.0,4547.0,14830.0,0.5638504516002212,784.0863115306811,70.72690492245448,0.09020295837633299,830.6307593399529,67.7116936924066,0.08151840385276918
Fuzuli district,2013,17404.0,14049.0,6638.0,3686.0,14867.0,0.7206539050821426,1170.6463980628237,61.60861864083765,0.05262786332643836,1238.8070325290057,62.51742710038674,0.050465831609591665
Fuzuli district,2014,17869.0,14626.0,5287.0,3415.0,15460.0,0.7128719670067426,1155.8214747736092,61.41095299698146,0.05313186710690768,1221.7284288253795,62.289712384338394,0.050984908687298304
Fuzuli district,2015,20321.0,14821.0,5975.0,4054.0,15690.0,0.7518549680823678,1295.1561504142767,63.268748672190355,0.04885028623919426,1371.0950678091897,64.2812675707892,0.04688315863720618
Fuzuli district,2016,23199.0,14992.0,6040.0,3568.0,15857.0,0.7933894214084928,1463.0131802989217,65.50684240398563,0.04477529203844994,1547.4252934898614,66.63233724653148,0.04306013190223716
Fuzuli district,2017,24560.0,15067.0,6216.0,13979.0,16028.0,0.7778736686293534,1532.3184427252309,66.43091256966974,0.043353203040173725,1630.0524324683083,67.73403243291078,0.04155328447339848
Fuzuli district,2018,27916.0,15195.0,5787.0,17452.0,16030.0,0.8064820927616275,1741.4847161572052,73.32274712187376,0.04210358347770585,1837.1832839749918,78.89066379490862,0.04294109601531869
Fuzuli district,2019,28135.0,15306.0,6279.0,16845.0,16120.0,0.8083967536894398,1745.347394540943,73.54748477329123,0.042139166680129896,1838.1680386776427,78.94795861397193,0.04294926086886278
Fuzuli district,2020,28293.0,15350.0,6957.0,16.0,16228.0,0.8283048036388717,1743.468079861967,73.43814282833263,0.04212187402601993,1843.1921824104234,79.24027243115191,0.04299078152964273
Fuzuli district,2021,28599.0,15349.0,6721.0,2345.0,16227.0,0.847389640428961,1762.4329820669254,74.54155532025749,0.04229468926122656,1863.2484200925142,80.40718080538264,0.04315429973711732
Fuzuli district,2022,28747.0,15412.0,6928.0,23720.0,16289.0,0.8038729574194218,1764.8106083860273,74.67988994245977,0.04231609306267531,1865.2348819101999,80.52275676568436,0.04317030393685349
Fuzuli district,2023,29291.0,12770.0,7126.9,4611.0,13630.0,0.8828925104660538,2149.0095377842995,97.03328219835925,0.0451525600479204,2293.7353171495693,99.73218480814408,0.04348024990611451
Gabala district,2005,24503.0,22753.0,1000.0,606.0,24934.0,0.6788730492808056,982.7143659260447,59.102858212347265,0.06014245874654804,1076.9129345580802,60.35883912744107,0.05604802133072141
Gabala district,2008,25473.0,23891.0,1569.0,790.0,25730.0,0.6726913568024698,990.0116595413914,59.20015546055188,0.05979743257566836,1066.2174040433636,60.21623205391151,0.0564765045342127
Gabala district,2009,25608.0,24232.0,1282.0,800.0,25973.0,0.6693458427356241,985.9469449043237,59.145959265390985,0.059988987816307404,1056.7844172994387,60.09045889732585,0.05686160574820369
Gabala district,2010,25658.0,24489.0,1637.0,1207.0,26060.0,0.6603725435541831,984.5740598618572,59.12765413149143,0.06005404422272456,1047.735718077504,59.96980957436672,0.05723753475199418
Gabala district,2011,26127.0,24620.0,1922.0,1367.3,26135.0,0.66351832401137,999.6938970728908,59.329251960971874,0.0593474183794542,1061.2103980503655,60.149471974004875,0.05668006277031423
Gabala district,2012,27487.0,24863.0,1661.0,1368.0,26256.0,0.6794182102971197,1046.8845216331506,59.958460288442005,0.05727323219461321,1105.5383501588706,60.74051133545161,0.05494202107663016
Gabala district,2013,35130.0,26749.0,1665.0,1945.45,28102.0,0.7389299582620326,1250.088961639741,62.667852821863214,0.050130714489040704,1313.3201241167894,63.51093498822386,0.04835906632507828
Gabala district,2014,37385.0,24187.0,1505.0,1936.6,25138.0,0.7915250148129869,1487.1907072957276,65.82920943060971,0.04426413445677857,1545.665026667218,66.60886702222957,0.04309398600151576
Gabala district,2015,36591.0,24192.0,2037.0,2598.1,25057.0,0.7804383048992684,1460.310492078062,65.47080656104083,0.0448334836435189,1512.5248015873017,66.16699735449735,0.043746057773769505
Gabala district,2016,38855.0,23232.0,1972.0,35771.3,23746.0,0.7337000179985684,1636.2755832561274,67.81700777674837,0.041445957191266675,1672.4776170798898,69.30778863010268,0.04144018904785859
Gabala district,2017,40313.0,22658.0,1599.0,4374.8,23183.0,0.8166813960459319,1738.9035068800415,73.1725676730206,0.04207971712260652,1779.194986318298,75.5167992039737,0.042444363762648186
Gabala district,2018,40472.0,22019.0,1218.0,3395.4,22550.0,0.828381951559167,1794.7671840354767,76.42281798024592,0.04258090891121135,1838.0489577183341,78.94103026724854,0.04294827400312674
Gabala district,2019,40502.0,21729.0,1438.0,3318.0,22301.0,0.8327405330073394,1816.1517420743464,77.66701044796197,0.0427646042170757,1863.9606056422292,80.44861705554789,0.043160041479433114
Gabala district,2020,41283.0,21314.0,1396.7,1144.0,21858.0,0.8540070942332159,1888.6906395827614,81.88745539390612,0.043356732795581714,1936.8959369428544,84.69212724031152,0.04372569822929535
Gabala district,2021,40892.0,20924.0,1174.5,1056.0,21301.0,0.8561227631394397,1919.7220787756444,83.69292094694659,0.043596373596080144,1954.310839227681,85.70535791870145,0.04385451699821259
Gabala district,2022,40129.0,19865.0,1035.0,4204.0,20192.0,0.845433365006815,1987.371236133122,87.62887192047255,0.044092855087796395,2020.0855776491317,89.53225179049494,0.04432101925834638
Gabala district,2023,40343.0,18489.0,1036.1,4351.0,18761.0,0.8605371662782489,2150.3651191301105,97.11215238575188,0.045160773638774784,2182.0001081724267,98.95273356639574,0.045349554839974486
Gabala district,2024,41508.0,17262.0,997.3,4877.0,17692.0,0.8760366893289457,2346.145150350441,99.58244242757017,0.04244513277991162,2404.58811261731,99.41546253537912,0.041344071366621236
Gadabay district,2015,43139.0,26083.0,39.0,277.0,26183.0,0.8350258069161184,1647.595768246572,67.96794357662097,0.04125280295478956,1653.9125100640263,68.22763694917971,0.041252264877383676
Gadabay district,2016,43786.0,23423.0,57.0,277.0,23515.0,0.8570086672501375,1862.0455028705082,80.33719289428412,0.04314459167106132,1869.3591768774281,80.76271574559581,0.043203423261067256
Gadabay district,2017,42816.0,23702.0,10.0,5.0,23783.0,0.8473030058195713,1800.2775091451877,76.74341871390183,0.042628660483761384,1806.4298371445448,77.10137234295533,0.04268163133577932
Gadabay district,2018,50392.0,21614.0,10.0,205.5,21712.0,0.8923470242190588,2320.9285187914516,99.65448994631014,0.04293733699226634,2331.4518367724622,99.62442332350724,0.04273063751615902
Gadabay district,2019,47483.0,21962.0,24.0,206.0,22072.0,0.8822197742729512,2151.2776368249365,97.16524432435995,0.04516629683733701,2162.052636371915,97.79215338891142,0.04523116215755686
Gadabay district,2020,47512.0,22001.0,30.0,180.0,22120.0,0.882715640684129,2147.9204339963835,96.96991615978959,0.04514595355814417,2159.5382028089634,97.64585907252152,0.04521608320960065
Gadabay district,2021,47618.0,22499.0,40.4,172.0,22578.0,0.88034600065831,2109.0442023208434,94.70802631684907,0.044905662106384525,2116.4496199831106,95.13888698083552,0.04495211512835101
Gadabay district,2022,47914.0,21085.0,10.0,200.0,21182.0,0.8880550971320236,2262.0149183268813,99.82281451906606,0.04413004251665186,2272.421152478065,99.79308242149125,0.0439148712872468
Gadabay district,2023,48633.0,20401.0,45.0,60.0,20482.0,0.8963225213147586,2374.426325554145,99.5016390698453,0.0419055491421169,2383.8537326601636,99.47470362097096,0.04172852648554332
Gadabay district,2024,48487.0,19909.0,53.3,170.0,20026.0,0.8973505777571076,2421.202436832118,99.36799303762253,0.041040762030470614,2435.431212014667,99.32733939424381,0.04078429269701157
Gakh district,2005,9215.0,10282.0,482.0,327.0,12567.0,0.6087218833921079,733.2696745444418,66.66157396355536,0.09091003798155183,896.2264150943396,58.528301886792455,0.06530526315789474
Gakh district,2008,9636.0,11231.0,2464.0,222.0,13376.0,0.6088681822187809,720.3947368421053,65.63157894736842,0.09110502283105022,857.9823702252694,63.88246816846228,0.0744566210045662
Gakh district,2009,9646.0,12170.0,3293.0,181.0,14142.0,0.5775248402774199,682.0817423278179,62.56653938622543,0.09172879950238441,792.6047658175843,71.40838126540675,0.09009330292349162
Gakh district,2010,11216.0,12279.0,2723.0,158.0,14168.0,0.6293558367811034,791.6431394692264,71.33145115753811,0.0901055634807418,913.429432364199,58.17905909818932,0.0636929980979553
Gakh district,2011,11352.0,11161.0,2045.0,182.18,12767.0,0.6732095162892956,889.1673846635858,59.51656614709798,0.06693516560958421,1017.1131619030552,59.56150882537407,0.05855937279774489
Gakh district,2012,14969.0,11329.0,1997.0,32.0,12973.0,0.7530137410636866,1153.8580127958066,61.38477350394409,0.05319959026432405,1321.2993203283609,63.61732427104481,0.04814754937982942
Gakh district,2013,15698.0,11490.0,2201.0,34.14,12985.0,0.7651550568584337,1208.9333846746247,62.11911179566167,0.051383403405954056,1366.231505657093,64.2164200754279,0.04700259056355374
Gakh district,2014,15733.0,11067.0,2619.0,254.4,12440.0,0.7942537503470112,1264.710610932476,62.862808145766344,0.04970529036632132,1421.6138068130479,64.9548507575073,0.04569092565520456
Gakh district,2015,15857.0,10840.0,3862.0,367.14,12028.0,0.8058381221424552,1318.3405387429332,63.57787384990578,0.04822568371486831,1462.8228782287822,65.50430504305044,0.044779382396838416
Gakh district,2016,15937.0,10826.0,3555.0,375.14,11883.0,0.8069631849385186,1341.1596398215938,63.88212853095459,0.04763200937022861,1472.1041936079807,65.62805591477307,0.04458112149923657
Gakh district,2017,15985.0,10314.0,2672.0,610.64,11345.0,0.8180759111868054,1408.9907448215072,64.78654326428676,0.045980815347721825,1549.8351754896257,66.66446900652835,0.04301390887290168
Gakh district,2018,16081.0,10863.0,2755.0,339.98,11923.0,0.8066266134044703,1348.7377337918308,63.98316978389108,0.04743929689281347,1480.3461290619534,65.73794838749271,0.04440714715088199
Gakh district,2019,16115.0,10940.0,2690.0,327.0,12015.0,0.8048906427149484,1341.2401165210154,63.88320155361354,0.04762995139104354,1473.034734917733,65.64046313223643,0.04456138173544317
Gakh district,2020,16116.0,11047.0,2146.0,373.0,12145.0,0.7995840320737221,1326.9658295594895,63.69287772745986,0.04799888309754281,1458.8576084004708,65.45143477867295,0.044864854802680564
Gakh district,2021,16210.0,11290.0,2022.0,657.0,12383.0,0.7903037786049688,1309.0527335863685,63.45403644781825,0.04847324696689287,1435.7838795394155,65.14378506052554,0.04537158132839811
Gakh district,2022,16370.0,10397.0,1728.2,1349.0,11311.0,0.8100588560671725,1447.263725576872,65.2968496743583,0.04511745062105478,1574.4926421083005,66.99323522811068,0.04254909387090206
Gakh district,2023,16380.0,10366.0,1554.0,1349.0,11264.0,0.8098820868763212,1454.190340909091,65.38920454545455,0.044966056166056166,1580.1659270692649,67.0688790275902,0.042444200244200245
Gakh district,2024,16169.0,9835.0,1363.0,1179.0,10704.0,0.821966187756624,1510.5568011958146,66.14075734927752,0.04378568041725936,1644.0264361972547,67.92035248263007,0.04131341868183974
Gazakh district,2005,16500.0,11406.0,1649.0,5699.0,13426.0,0.751403422618152,1228.9587367793833,62.38611649039178,0.05076339393939394,1446.6070489216202,65.2880939856216,0.04513187878787879
Gazakh district,2008,17282.0,13146.0,6832.0,2496.0,15320.0,0.7526520476615695,1128.0678851174935,61.040905134899916,0.054111021100952825,1314.6204168568386,63.52827222475785,0.048324422327662694
Gazakh district,2009,18359.0,13615.0,7359.0,1225.0,15338.0,0.7701586008474378,1196.9617942365367,61.95949058982049,0.051763966810102216,1348.4392214469335,63.97918961929245,0.04744684714127494
Gazakh district,2010,23289.0,13512.0,7557.0,312.0,15459.0,0.8438212800592096,1506.501067339414,66.08668089785886,0.04386766284512001,1723.5790408525754,72.28096237687711,0.0419365521764079
Gazakh district,2011,25124.0,13760.0,7725.0,67.0,15495.0,0.848607377634557,1621.4262665375927,67.6190168871679,0.04170341771480125,1825.8720930232557,78.23255813953487,0.042846680464894114
Gazakh district,2012,26344.0,13833.0,7015.0,67.0,15611.0,0.8571896469174137,1687.528025110499,70.18344873370175,0.04158950114568092,1904.431432082701,82.80328332117533,0.04347926731634597
Gazakh district,2013,27672.0,14011.0,7071.0,233.0,15762.0,0.8696335753516876,1755.6147696992768,74.14485932795793,0.04223298904044785,1975.0196274355862,86.91023286897956,0.04400474388288785
Gazakh district,2014,29002.0,14298.0,5783.0,206.0,15978.0,0.8732877009995333,1815.1207910877456,77.6070278451052,0.04275584755910251,2028.3955798013708,90.01574282480703,0.04437780466550897
Gazakh district,2015,30009.0,14411.0,6221.0,195.0,16070.0,0.8775345735344011,1867.3926571250777,80.6483000509136,0.04318764976567635,2082.367635833738,93.15593517578111,0.044735585384990555
Gazakh district,2016,31172.0,14777.0,5666.0,200.0,16458.0,0.879109640359866,1894.0332968768987,82.19830090920138,0.04339855114730002,2109.4944846721255,94.73422456274184,0.044908495969576426
Gazakh district,2018,31212.0,15187.0,3572.0,33.0,16657.0,0.864001418758668,1873.8068079486102,81.02148700791913,0.04323897568534246,2055.178771317574,91.57403760393157,0.04455769925320097
Gazakh district,2019,32055.0,15023.0,4154.0,33.0,16457.0,0.8708183412785239,1947.8033663486663,85.3267413148315,0.043806650501269126,2133.7282832989417,96.14419102830206,0.045059247600005674
Gazakh district,2023,31724.0,14821.0,4457.0,17.0,16054.0,0.8640351311182775,1976.0807275445372,86.97196960259126,0.044012356575463374,2140.476351123406,96.53680588354362,0.04510061782877317
Gazakh district,2024,31724.0,14853.0,4416.0,17.0,15993.0,0.8636065495997298,1983.617832801851,87.41049209028951,0.044066195939982344,2135.864808456204,96.2684979465428,0.04507237422771404
Gobustan district,2005,12760.0,10900.0,1212.0,2483.0,11011.0,0.6914927179511893,1158.8411588411589,61.451215451215454,0.05302816091954023,1170.6422018348624,61.608562691131496,0.052628004179728315
Gobustan district,2008,14040.0,10972.0,18.0,2046.0,11085.0,0.6514739021600284,1266.576454668471,62.88768606224628,0.049651709401709404,1279.6208530805686,63.06161137440758,0.04928148148148148
Gobustan district,2009,14545.0,11055.0,30.0,2046.0,11168.0,0.6729975009021633,1302.3818051575931,63.36509073543458,0.04865323708032543,1315.6942559927634,63.54259007990351,0.048295863412398304
Gobustan district,2010,14830.0,11092.0,33.0,2046.0,11205.0,0.681246366171042,1323.516287371709,63.64688383162279,0.04808923353562598,1336.9996393797333,63.82666185839644,0.0477387278040009
Gobustan district,2011,15052.0,11133.0,24.0,2046.0,11246.0,0.6794016362729796,1338.4314422905923,63.84575256387456,0.04770192222517495,1352.0165274409414,64.02688703254589,0.04735658605722385
Gobustan district,2012,16885.0,11172.0,42.0,2046.0,11287.0,0.7322888935107915,1495.9688136794543,65.9462508490594,0.044082637449412695,1511.3677049767275,66.1515693996897,0.04376934162471622
Gobustan district,2013,17293.0,11207.0,33.0,2046.0,11327.0,0.7355079876192296,1526.7061004679085,66.35608133957211,0.04346355943638081,1543.0534487373964,66.57404598316529,0.04314435513406195
Gobustan district,2014,17601.0,11232.0,143.0,2046.0,11352.0,0.7658731087998257,1550.475687103594,66.67300916138126,0.04300164763365718,1567.0405982905984,66.89387464387465,0.0426880290892563
Gobustan district,2015,18042.0,11271.0,273.0,2046.0,11393.0,0.7825501368704776,1583.6039673483717,67.11471956464496,0.04238099988914754,1600.74527548576,67.34327033981013,0.04206994789934597
Gobustan district,2016,19756.0,11386.0,86.0,2046.0,11510.0,0.7908571731982065,1716.4205039096437,71.86446568201563,0.041868799352095566,1735.113297031442,72.95204637273845,0.042044543429844095
Gobustan district,2017,20088.0,11452.0,84.0,2046.0,11578.0,0.7939122818955998,1735.0146830195197,72.9463088302266,0.042043626226421923,1754.1040866224241,74.05696503985013,0.04221925346656529
Gobustan district,2018,20319.0,12016.0,42.0,2046.0,12168.0,0.773449507428845,1669.871794871795,69.15617715617716,0.041414063863200144,1690.9953395472703,70.38518339184118,0.04162352299012568
Gobustan district,2019,20758.0,12058.0,51.0,1217.0,12167.0,0.7946335569586757,1706.0902441029014,71.26343238416881,0.041770025138172365,1721.5126886714215,72.16073824997362,0.04191705279016195
Gobustan district,2020,21083.0,12988.0,27.0,1601.0,13108.0,0.7633161404723896,1608.4070796460178,67.44542772861357,0.04193305823016964,1623.2676316599939,67.64356842213326,0.04167123590886813
Gobustan district,2021,22436.0,13121.0,36.0,1701.0,13241.0,0.7829271747291995,1694.43395513934,70.58524829901614,0.04165712572326942,1709.9306455300664,71.48687392174932,0.041806885038655414
Gobustan district,2022,22728.0,11178.0,27.0,1695.0,11306.0,0.8234811079991485,2010.260038917389,88.96058408246627,0.04425327189529935,2033.2796564680623,90.29990728541453,0.04441096284918883
Gobustan district,2023,19542.0,10807.0,19.0,1690.0,10928.0,0.7839001977809869,1788.2503660322109,76.04365766005591,0.04252405541444535,1808.2724160266494,77.2085769324596,0.04269742559149989
Gobustan district,2024,18954.0,10687.0,15.0,1691.0,10833.0,0.7732961432332455,1749.653835502631,73.7980413383349,0.04217865262309708,1773.5566576214092,75.18875098888199,0.04239433269062899
Goranboy district,2005,14645.0,15442.0,3058.0,909.0,16907.0,0.6307805494734207,866.2092624356775,62.73070325900515,0.07241980198019804,948.3875145706514,58.64516686094202,0.06183671332650506
Goranboy district,2008,15740.0,18699.0,5767.0,4361.0,20075.0,0.5588830705596426,784.0597758405978,70.72478206724783,0.0902033036848793,841.756243649393,66.15412588908498,0.07859059720457433
Goranboy district,2009,18880.0,18861.0,9106.0,5030.0,20098.0,0.624058906702493,939.3969549208877,58.5252927322785,0.06230091807909604,1001.0073697046817,59.34676492939575,0.059287040960451974
Goranboy district,2010,23619.0,19626.0,11186.0,5350.0,20857.0,0.6944224539609984,1132.4255645586613,61.09900752744882,0.05395410474617893,1203.4546010394374,62.0460613471925,0.05155662813836318
Goranboy district,2011,27510.0,19945.0,11221.0,5167.0,20851.0,0.745188820967752,1319.3611817179033,63.59148242290538,0.04819869138495093,1379.2930559037352,64.39057407871647,0.04668375136314067
Goranboy district,2012,32390.0,20929.0,12665.0,5751.0,21580.0,0.781025149035332,1500.9267840593143,66.01235712079085,0.043981064114438605,1547.61335945339,66.63484479271187,0.04305651950190388
Goranboy district,2013,35389.0,21238.0,13975.0,4101.0,21847.0,0.8090035095473886,1619.856273172518,67.59808364230024,0.04173091450262322,1666.3056785008005,68.94869402186475,0.041378178632805775
Goranboy district,2014,35966.0,20304.0,13748.0,4495.0,20851.0,0.824936535408888,1724.9052803222867,72.3581254005694,0.04194904278283025,1771.375098502758,75.06182391288773,0.04237488941576134
Goranboy district,2015,36114.0,20177.0,13686.0,4078.0,20682.0,0.8290178144819643,1746.156077748767,73.59453543265553,0.04214659638417737,1789.8597412895872,76.1372940386669,0.04253813429191399
Goranboy district,2016,36208.0,20375.0,13598.0,3448.0,20838.0,0.8291594346248966,1737.5947787695557,73.09642349204688,0.04206758928212751,1777.079754601227,75.39373117679867,0.042425631703691805
Goranboy district,2017,37061.0,20656.0,13882.0,3099.37,21097.0,0.8325516505894938,1756.6952647295825,74.20772449335753,0.04224279872740519,1794.2002323780016,76.38983170199282,0.04257597915966552
Goranboy district,2018,35114.0,19370.0,13821.0,3119.37,19911.0,0.8363442640810259,1763.5477876550651,74.6064167362947,0.04230473211927903,1812.803304078472,77.47219223729292,0.04273612700450999
Goranboy district,2019,42104.0,20064.0,14001.0,6649.0,20520.0,0.8581854573307497,2051.8518518518517,91.38047138047138,0.04453560879553659,2098.4848484848485,94.09366391184574,0.04483885789300952
Goranboy district,2022,43094.0,20006.0,14896.5,1047.0,20401.0,0.8773869645817283,2112.3474339493164,94.90021433886932,0.04492642299919416,2154.0537838648406,97.32676560668163,0.04518307125649215
Goychay district,2005,22235.0,18185.0,2137.0,602.0,22759.0,0.7275952566600244,976.9761413067358,59.02634855075648,0.060417390000749575,1222.7110255705252,62.30281367427367,0.05095465107563152
Goychay district,2008,23286.0,18633.0,3610.0,400.0,23165.0,0.7386489426541876,1005.223397366717,59.40297863155622,0.05909430559134244,1249.718241829013,62.66290989105351,0.05014163016404707
Goychay district,2009,23360.0,18707.0,4459.0,527.0,23217.0,0.7375905233550404,1006.1592798380497,59.41545706450733,0.05905174086757991,1248.730421767253,62.649738956896705,0.05017074771689498
Goychay district,2010,23550.0,19041.0,5180.0,519.0,23525.0,0.7340766496642374,1001.0626992561105,59.34750265674814,0.05928450106157113,1236.8047896644084,62.490730528858776,0.050525944798301484
Goychay district,2011,23750.0,19546.0,5479.0,531.97,23926.0,0.7270224426393009,992.6439856223355,59.23525314163114,0.05967421754385965,1215.0823697943313,62.201098263924415,0.05119084912280701
Goychay district,2012,24240.0,19809.0,5607.0,580.0,24129.0,0.7289532761749195,1004.6002735297775,59.394670313730366,0.059122689768976895,1223.686203240951,62.31581604321268,0.0509246699669967
Goychay district,2013,24510.0,20084.0,5569.0,577.42,24372.0,0.727692324641898,1005.6622353520434,59.40882980469391,0.059074337005303956,1220.3744274048995,62.27165903206533,0.05102668298653611
Goychay district,2014,24850.0,20475.0,5583.0,598.91,24419.0,0.7251109201057558,1017.6501904254884,59.56866920567318,0.05853550637156272,1213.6752136752136,62.18233618233618,0.05123474178403756
Goychay district,2015,24935.0,20764.0,5706.0,1607.42,24436.0,0.7114219456835548,1020.4206907840891,59.605609210454524,0.058412779894392086,1200.8765170487382,62.011686893983175,0.051638687253525835
Goychay district,2016,25030.0,17974.0,5728.0,2459.12,19566.0,0.7609044036143604,1279.2599407134826,63.0567992095131,0.049291623385271,1392.5670412818515,64.56756055042469,0.046365854308163534
Goychay district,2017,20298.0,18135.0,5768.0,1782.4,19597.0,0.6860668692016049,1035.770781242027,59.81027708322703,0.05774470391171544,1119.2721257237386,60.92362834298318,0.05443147108089467
Goychay district,2018,20588.0,17370.0,6008.0,2006.92,18720.0,0.7074715274669287,1099.7863247863247,60.66381766381766,0.05515963991969431,1185.2619458837075,61.803492611782765,0.05214331973317791
Goychay district,2019,20016.0,17247.0,5940.0,1806.0,18535.0,0.7013098166198546,1079.9028864310762,60.39870515241435,0.055929756195043964,1160.5496608105757,61.47399547747434,0.0529697242206235
Goychay district,2020,19900.0,16596.0,6067.0,1689.0,17824.0,0.7159535573151143,1116.472172351885,60.886295631358465,0.05453453936348408,1199.0841166546156,61.98778822206154,0.051695946398659966
Goychay district,2021,19941.0,16997.0,6067.0,1605.0,18204.0,0.7077768312796414,1095.4185893210283,60.60558119094704,0.05532641291810842,1173.2070365358593,61.64276048714479,0.05254209919261822
Goychay district,2022,19840.0,16647.0,6079.0,1575.0,17856.0,0.7146091751413132,1111.111111111111,60.81481481481482,0.05473333333333333,1191.806331471136,61.89075108628181,0.05193020833333333
Goychay district,2023,20105.0,17226.0,6077.0,1527.0,18308.0,0.706133689031769,1098.1538125409656,60.642050833879544,0.05522181878471359,1167.1310809241843,61.56174774565579,0.05274621570090359
Goychay district,2024,20183.0,16899.0,6076.0,2428.0,17906.0,0.7079233091438027,1127.1640790796382,61.02885438772851,0.05414371831078961,1194.3310255044678,61.924413673392905,0.05184861847429355
Goygol district,2005,14471.0,9139.0,997.0,6068.0,9314.0,0.7762993303923565,1553.6826283014816,66.71576837735309,0.04294040955474166,1583.433636065215,67.11244848086953,0.04238412457098104
Goygol district,2008,22354.0,9656.0,1168.0,6105.0,9812.0,0.8710660699867057,2278.2307378719934,99.77648360608002,0.04379560065951763,2315.0372825186414,99.67132204994674,0.0430538733879523
Goygol district,2009,22427.0,9689.0,1636.0,6278.0,9823.0,0.8739785880240145,2283.111065865825,99.76253981181193,0.04369587678117576,2314.6867581793786,99.67232354805891,0.04306082591773946
Goygol district,2010,22532.0,9682.0,949.0,8547.0,9827.0,0.8640911306023127,2292.8665920423323,99.73466687987906,0.04349780629453983,2327.20512290849,99.63655679169003,0.04281382668458827
Goygol district,2011,22586.0,9724.0,973.0,7425.7,9851.0,0.8664414826520292,2292.7621561262818,99.73496526821063,0.04349991777460121,2322.706705059646,99.6494094141153,0.04290227827604964
Goygol district,2012,22594.0,9830.0,1163.0,7426.0,9946.0,0.866332415321291,2271.667001809773,99.79523713768636,0.04393039871520884,2298.474059003052,99.71864554570557,0.04338471654927351
Goygol district,2013,23028.0,9866.0,1307.0,6406.46,9969.0,0.872594865528654,2309.9608787240445,99.68582606078844,0.043154768108389786,2334.076626799108,99.61692392343112,0.04267937169656815
Goygol district,2014,23348.0,9897.0,1307.0,6010.8,10003.0,0.8752992871553004,2334.0997700689795,99.61685779980291,0.04267892018894246,2359.0987167828634,99.54543223776325,0.042196382681906064
Goygol district,2015,23540.0,9928.0,1297.0,5814.13,10017.0,0.8764971423520291,2350.0049915144255,99.57141430995878,0.042370724602500305,2371.071716357776,99.51122366754922,0.041968879718412434
Goygol district,2016,23559.0,9944.0,1221.0,7964.4,10032.0,0.8709763741128077,2348.385167464115,99.57604237867396,0.04240192101289771,2369.167337087691,99.51666475117803,0.042004911680704374
Goygol district,2017,23698.0,9972.0,851.0,6080.41,10064.0,0.87206458663665,2354.7297297297296,99.55791505791505,0.04227997540479606,2376.45407139992,99.49584551028595,0.04186735468936499
Goygol district,2018,23717.0,9984.0,803.0,6121.58,10084.0,0.8712893930806433,2351.943673145577,99.56587521958407,0.042333443762460926,2375.5008012820513,99.49856913919415,0.04188530228467826
Goygol district,2019,23943.0,9975.0,761.0,6063.0,10079.0,0.872710213056579,2375.5332870324437,99.49847632276445,0.04188469042547479,2400.3007518796994,99.42771213748658,0.041423022535665065
Goygol district,2020,23937.0,9972.0,545.0,5261.0,10092.0,0.8715712952420633,2371.8787158145064,99.5089179548157,0.04195362827421983,2400.421179302046,99.42736805913701,0.04142080103127853
Goygol district,2021,24174.0,9726.0,498.5,5259.0,9817.0,0.8767803920867163,2462.4630742589384,99.25010550211732,0.040305215757188956,2485.502776064158,99.18427778267383,0.03990511647697054
Goygol district,2022,24220.0,9680.0,417.5,5252.0,9764.0,0.87618681557034,2480.540761982794,99.19845496576345,0.039990657072077385,2502.0661157024792,99.13695395513578,0.03962203609767607
Goygol district,2023,24312.0,9869.0,395.0,5252.0,9944.0,0.872901576948508,2444.8913917940467,99.30031030915987,0.04061542800733324,2463.471476340055,99.24722435331412,0.04028754759554364
Goygol district,2024,24879.0,9817.0,421.7,5312.0,9920.0,0.8781370271753016,2507.9637096774195,99.12010368663594,0.03952214432137258,2534.277274116329,99.04492207395334,0.0390821174484505
Guba district,2005,34450.0,25922.0,178.0,2088.0,26439.0,0.7367808727159775,1302.9993570104768,63.373324760139695,0.04863649733913885,1328.986960882648,63.719826145101976,0.047946163522012586
Guba district,2008,34628.0,26150.0,312.0,1850.0,26632.0,0.7402168194359218,1300.240312406128,63.33653749874837,0.048711408879134416,1324.2065009560229,63.65608667941364,0.04807111778522198
Guba district,2009,34648.0,26008.0,386.0,1850.0,26400.0,0.7425385149045896,1312.4242424242425,63.4989898989899,0.04838297544831832,1332.205475238388,63.762739669845175,0.04786254136842915
Guba district,2010,35341.0,26051.0,862.0,1105.0,26506.0,0.7590046974465843,1333.320757564325,63.77761010085767,0.047833658734425556,1356.608191624122,64.08810922165496,0.04724142874659273
Guba district,2011,35376.0,26002.0,1042.0,1314.79,26406.0,0.7572877174994604,1339.6955237446034,63.86260698326138,0.047669493441881504,1360.5107299438505,64.14014306591801,0.04714416553595658
Guba district,2012,37028.0,25994.0,802.0,1421.0,26318.0,0.7713311329831553,1406.9458165514097,64.7592775540188,0.0460282668971229,1424.4825729014387,64.99310097201918,0.04562576068560728
Guba district,2013,37992.0,25936.0,630.0,1432.39,26207.0,0.7799992561265199,1449.6890143854696,65.32918685847292,0.04506427668982944,1464.8365206662554,65.5311536088834,0.04473615497999578
Guba district,2014,38182.0,25658.0,472.0,1186.7,25842.0,0.7874352897428735,1477.5172200294096,65.70022960039213,0.04446664222233863,1488.1128692805362,65.84150492374049,0.044244967087458315
Guba district,2015,38277.0,25352.0,519.0,2919.0,25550.0,0.774568852337579,1498.1213307240705,65.97495107632093,0.044038456514355874,1509.8217103187126,66.13095613758284,0.04380050683177888
Guba district,2016,38761.0,24559.0,612.0,1500.4,24731.0,0.8005189458255605,1567.3041931179491,66.89738924157265,0.04268309211148663,1578.2808746284459,67.04374499504594,0.042478969410833914
Guba district,2017,37938.0,24208.0,567.0,1768.6,24357.0,0.795224310891816,1557.580982879665,66.76774643839553,0.04286630818704201,1567.1678783873099,66.8955717118308,0.04268564499973641
Guba district,2018,41363.0,24293.0,592.0,1669.6,24458.0,0.8196117744121502,1691.18488838008,70.3962116875683,0.041625378851982336,1702.6715514757338,71.06452663131543,0.04173707287804429
Guba district,2019,41820.0,24672.0,619.0,1969.0,24831.0,0.8162751811742992,1684.1850912166244,69.98895076169451,0.041556567105778014,1695.0389105058366,70.62044570215777,0.04166302334681101
Guba district,2020,42390.0,24820.0,673.0,1909.0,24919.0,0.819060041652596,1701.111601589149,70.97376591064139,0.04172199275129211,1707.8968573730863,71.36854442897956,0.04178738553260846
Guba district,2021,42668.0,24755.0,643.0,2019.0,24858.0,0.820451294951686,1716.469547027114,71.86731909975936,0.04186926544909108,1723.611391638053,72.2828446043958,0.0419368570868524
Guba district,2022,42718.0,24582.0,640.0,2265.0,24691.0,0.8205673196034334,1730.1040865092543,72.66060139690207,0.04199782080366377,1737.7756081685786,73.10694447526275,0.04206926609604637
Guba district,2023,42784.0,24849.0,645.0,2242.0,24961.0,0.8185491371493431,1714.0338928728818,71.72560831260404,0.041846085197524995,1721.7594269387098,72.17509393097947,0.04191938362684436
Guba district,2024,42786.0,24622.0,629.0,2190.0,24738.0,0.8211108623570867,1729.5658501091439,72.629285824532,0.04199278438571665,1737.7142392981887,73.1033739228037,0.04206869706743497
Gubadli district,2008,190.0,144.0,1.0,521.0,148.0,0.7613030291347558,1283.7837837837837,63.11711711711712,0.04916491228070176,1319.4444444444443,63.592592592592595,0.04819649122807018
Gubadli district,2018,779.0,537.0,14.0,522.2,537.0,0.821683543853232,1450.6517690875232,65.34202358783364,0.045043217800599056,1450.6517690875232,65.34202358783364,0.045043217800599056
Gubadli district,2019,779.0,503.0,26.0,524.0,503.0,0.8661060320913532,1548.7077534791254,66.64943671305501,0.043035515618314084,1548.7077534791254,66.64943671305501,0.043035515618314084
Gubadli district,2020,779.0,717.0,23.2,524.0,717.0,0.7303337240205459,1086.4714086471408,60.48628544862854,0.055672229353872484,1086.4714086471408,60.48628544862854,0.055672229353872484
Gubadli district,2021,1114.0,839.0,24.8,814.0,839.0,0.7765259034096152,1327.7711561382598,63.7036154151768,0.047977857570317174,1327.7711561382598,63.7036154151768,0.047977857570317174
Gubadli district,2022,1292.0,975.0,11.0,1750.0,975.0,0.6896505687562899,1325.128205128205,63.66837606837607,0.048046955624355,1325.128205128205,63.66837606837607,0.048046955624355
Gubadli district,2023,1535.0,938.0,16.0,1750.0,938.0,0.7888977549139156,1636.4605543710022,67.81947405828004,0.041442779587405,1636.4605543710022,67.81947405828004,0.041442779587405
Gubadli district,2024,1443.0,1058.0,796.0,1321.0,1058.0,0.883698703130318,1363.8941398865784,64.18525519848771,0.04706029106029106,1363.8941398865784,64.18525519848771,0.04706029106029106
Gusar district,2005,22258.0,17442.0,113.0,975.0,17564.0,0.719029142058338,1267.2511956274197,62.896682608365595,0.04963237188127115,1276.115124412338,63.014868325497844,0.04938023781711445
Gusar district,2008,22262.0,18264.0,2581.0,863.0,18350.0,0.7236777827198299,1213.1880108991825,62.17584014532243,0.051249962567005064,1218.9005694261937,62.25200759234925,0.05107226065343036
Gusar district,2009,23950.0,18489.0,3045.0,823.0,18566.0,0.7465950443513227,1289.9924593342669,63.199899457790224,0.04899245650661099,1295.3648115095461,63.27153082012728,0.04884456506610995
Gusar district,2010,24030.0,18644.0,3778.0,796.0,18714.0,0.7457403800123129,1284.065405578711,63.12087207438282,0.04915705368289638,1288.8865050418365,63.18515340055782,0.049023054515189346
Gusar district,2011,26237.0,18727.0,4099.0,752.0,18793.0,0.7746051913910443,1396.1049326877028,64.61473243583603,0.04628214607869294,1401.0252576493833,64.68033676865845,0.04616643162963246
Gusar district,2012,26426.0,18980.0,4270.0,2995.0,19040.0,0.7543664711379959,1387.920168067227,64.50560224089637,0.0464764499608971,1392.3076923076924,64.56410256410257,0.04637200736648251
Gusar district,2013,26448.0,18594.0,4300.0,3204.9,18658.0,0.7607266131643856,1417.5152749490835,64.90020366598777,0.04578448275862069,1422.3943207486286,64.96525760998172,0.045673169993950394
Gusar district,2014,27506.0,18728.0,4502.0,3208.91,18750.0,0.7715624706041005,1466.9866666666667,65.55982222222222,0.04469012821445018,1468.7099530115336,65.58279937348712,0.04465333624178967
Gusar district,2015,27755.0,19009.0,5243.0,4934.77,19029.0,0.7615598373819391,1458.5632455725472,65.4475099409673,0.044871218399087254,1460.0978483876058,65.46797131183475,0.04483807121839909
Gusar district,2016,27795.0,19023.0,5403.0,4786.3,19043.0,0.7626894011425656,1459.5914509268498,65.46121934569133,0.04484900161899622,1461.1260053619303,65.4816800714924,0.044815902140672784
Gusar district,2017,28710.0,19005.0,5034.0,4629.37,19008.0,0.7739362605336275,1510.4166666666667,66.13888888888889,0.043788505747126436,1510.655090765588,66.1420678768745,0.04378369905956113
Gusar district,2018,28762.0,18485.0,5263.0,4498.24,18488.0,0.7847217226679414,1555.711813067936,66.74282417423915,0.04290179171592147,1555.9642953746281,66.74619060499504,0.04289699371856384
Gusar district,2019,28914.0,18443.0,5530.0,4300.0,18446.0,0.7883335373988141,1567.4943077089883,66.89992410278651,0.0426795324064467,1567.7492815702435,66.90332375426992,0.042674759632012185
Gusar district,2020,30931.0,18693.0,5843.0,2974.0,18697.0,0.8104608438913099,1654.329571589025,68.25190234699781,0.04125653286934849,1654.68357139036,68.27249869907548,0.04126015383213663
Gusar district,2021,30933.0,18723.0,4097.0,3289.0,18727.0,0.8064903363743655,1651.786191061035,68.10392384355113,0.041230471723343425,1652.1390802755968,68.12445557967109,0.041234092452015064
Gusar district,2022,32197.0,16997.0,3566.0,6244.0,17001.0,0.8314345105058146,1893.829774719134,82.18645962002235,0.0433969624499177,1894.2754603753604,82.21239042183915,0.04340044103487903
Gusar district,2023,32211.0,16595.0,3148.4,6693.0,16600.0,0.8353582064781081,1940.421686746988,84.89726177437021,0.04375196502606393,1941.0063272069901,84.93127721931579,0.04375631136737591
Gusar district,2024,32211.0,15934.0,2320.1,8126.0,15940.0,0.8390953730881395,2020.7653701380175,89.57180335348465,0.044325682079244526,2021.5262959708798,89.6160754019421,0.04433089768881889
Hajigabul district,2005,12480.0,11858.0,1050.0,3628.0,13197.0,0.6355586620767265,945.6694703341668,58.60892627112222,0.061976121794871795,1052.4540394670264,60.03272052622702,0.05704070512820513
Hajigabul district,2008,12670.0,12833.0,1775.0,3628.0,14174.0,0.6178674504830961,893.8902215323833,58.85536898546634,0.06584183109707971,987.2983713862698,59.163978285150264,0.05992512496711392
Hajigabul district,2009,12681.0,12989.0,2052.0,3628.0,14390.0,0.6154902541415309,881.2369701181376,60.626824183460734,0.0687974134531977,976.2876279929171,59.017168373238896,0.060450595378913334
Hajigabul district,2010,13800.0,13461.0,1509.0,918.0,14948.0,0.6576350414603309,923.2004281509232,58.30933904201231,0.06316,1025.183864497437,59.66911819329916,0.058203333333333336
Hajigabul district,2011,14790.0,13821.0,1794.0,1118.0,15342.0,0.6726622385958971,964.0203363316386,58.85360448442185,0.06105016903313049,1070.110701107011,60.268142681426816,0.05631954022988506
Hajigabul district,2012,16081.0,13967.0,2766.0,1118.0,15490.0,0.7049611383847995,1038.1536475145256,59.84204863352701,0.05764276682627532,1151.3567695281736,61.35142359370898,0.053286196961217176
Hajigabul district,2013,17168.0,14143.0,3106.0,530.0,15675.0,0.7326629731204481,1095.2472089314194,60.60329611908559,0.055332983845914875,1213.8867284168846,62.1851563788918,0.051228137620379005
Hajigabul district,2014,17172.0,14403.0,3468.0,530.0,15858.0,0.7263019294832499,1082.8603859250852,60.43813847900114,0.05581341719077569,1192.251614247032,61.89668818996043,0.05191579315164221
Hajigabul district,2015,17217.0,14546.0,4641.0,530.0,15990.0,0.7251789619264689,1076.735459662289,60.35647279549719,0.05605506185746646,1183.6243640863468,61.78165818781795,0.05219701457861416
Hajigabul district,2016,17242.0,14802.0,3673.0,530.0,16245.0,0.7172336149967332,1061.372730070791,60.15163640094388,0.0566734330897421,1164.842588839346,61.531234517857946,0.052823647682016785
Hajigabul district,2017,17253.0,15457.0,3083.0,530.0,16424.0,0.6988841763361908,1050.4749147588893,60.006332196785195,0.05712305106358315,1116.1933104742188,60.88257747298958,0.05454483278270446
Hajigabul district,2018,18282.0,15725.0,2449.0,530.0,16618.0,0.7126136395919908,1100.132386568781,60.66843182091708,0.055146482879334865,1162.6073131955484,61.50143084260731,0.052899573350836886
Hajigabul district,2019,19773.0,14594.0,2806.0,569.0,15311.0,0.7688730158471568,1291.4244660701456,63.218992880935275,0.04895291559196885,1354.8718651500617,64.06495820200082,0.04728488342689526
Hajigabul district,2020,27226.0,14661.0,3083.8,1646.0,15248.0,0.8466137591220728,1785.545645330535,75.88629209195841,0.042500337244478874,1857.0356728736103,80.04571187628278,0.04310402489598846
Hajigabul district,2021,27375.0,14740.0,3632.8,2417.0,15129.0,0.8433803299788912,1809.438826095578,77.27644079101545,0.04270740722291407,1857.19131614654,80.0547674848896,0.043105288501452885
Hajigabul district,2022,27084.0,14644.0,3621.0,2400.0,15010.0,0.8426197911193767,1804.3970686209193,76.98310217430803,0.04266416938548086,1849.4946735864519,79.6069628268481,0.04304254776385923
Hajigabul district,2023,25424.0,15400.0,3343.0,2400.0,15627.0,0.8128294014048841,1626.9277532475844,67.69237004330112,0.04160748374239564,1650.909090909091,68.05289256198347,0.04122146575891069
Hajigabul district,2024,26669.0,15878.0,3579.4,2409.0,16018.0,0.8173874498955145,1664.9394431264827,68.86920396372263,0.04136438970680974,1679.619599445774,69.7233221495723,0.041511376845435106
Imishli district,2005,28438.0,28575.0,11019.0,2966.0,33885.0,0.6250871282523254,839.2504057842704,66.50494319020216,0.07924326605246501,995.2055993000874,59.26940799066783,0.05955493822819232
Imishli district,2008,31214.0,31032.0,15033.0,2966.0,36481.0,0.6277236073914256,855.6234752336833,64.21271346728435,0.07504786313833536,1005.8649136375354,59.411532181833806,0.05906512035197881
Imishli district,2009,40932.0,31210.0,18489.0,3006.0,36660.0,0.728601728585557,1116.5302782324059,60.88707037643208,0.054532395192025795,1311.5027234860622,63.48670297981416,0.04840760285351314
Imishli district,2010,43971.0,33036.0,20896.0,2966.0,38800.0,0.7329983717424118,1133.2731958762886,61.11030927835051,0.05392372245343522,1331.002542680712,63.74670056907616,0.04789374815219122
Imishli district,2011,44487.0,33539.0,20765.0,2861.0,38955.0,0.7321071110084122,1142.0100115517905,61.22680015402388,0.05361319037022051,1326.4259518769195,63.685679358358925,0.04801299255962416
Imishli district,2012,45794.0,34699.0,20829.0,3985.0,39522.0,0.7245828158659788,1158.6964222458378,61.449285629944505,0.053033119331499026,1319.7498486988097,63.59666464931746,0.048188423519820646
Imishli district,2013,47949.0,35672.0,21118.0,3679.4,39931.0,0.7323225033237198,1200.7963737447096,62.01061831659613,0.051641243821560406,1344.163489571653,63.922179860955374,0.047555360904294144
Imishli district,2014,48373.0,36066.0,20316.0,3322.4,40036.0,0.7332641047220626,1208.2375861724447,62.10983448229926,0.05140531563751129,1341.2355126712139,63.88314016894952,0.047630069115691266
Imishli district,2015,49020.0,37221.0,20437.0,2431.4,40662.0,0.7308362859455497,1205.5481776597314,62.07397570212975,0.05149024887800897,1316.9984686064317,63.55997958141909,0.048261240310077516
Imishli district,2016,49555.0,37859.0,19493.0,2178.4,40812.0,0.7301858099743735,1214.2262079780457,62.18968277304061,0.051217542797565,1308.9357880556802,63.45247717407574,0.04847638650657519
Imishli district,2017,49630.0,38235.0,17985.0,2178.4,40839.0,0.727658415575833,1215.2599231127108,62.20346564150281,0.05118531802001477,1298.0253694259186,63.30700492567892,0.04877177782255357
Imishli district,2018,49633.0,38730.0,16178.0,2081.2,40887.0,0.7242665359768349,1213.9066206862817,62.185421609150424,0.05122751663879543,1281.5130389878648,63.0868405198382,0.04922840314575652
Imishli district,2019,50085.0,38754.0,17271.0,2073.0,40692.0,0.7269275647984857,1230.8316130934827,62.41108817457977,0.050706439053608866,1292.3827217835578,63.23176962378077,0.04892650494159928
Imishli district,2020,50307.0,38717.0,17539.1,1599.0,40725.0,0.7315560809635034,1235.2854511970534,62.47047268262738,0.050571689824477704,1299.351705968954,63.32468941291939,0.04873560339515376
Imishli district,2021,50378.0,38913.0,18616.7,495.0,40782.0,0.7344956823805734,1235.2998872051396,62.470665162735195,0.05057125464819299,1294.6316141135353,63.26175485484714,0.04886467637990129
Imishli district,2022,50379.0,39485.0,18971.3,425.0,41076.0,0.72861208133127,1226.482617586912,62.3531015678255,0.050838960678060305,1275.9022413574776,63.01202988476637,0.04938625220826138
Imishli district,2023,50389.0,39109.0,18332.7,590.0,40666.0,0.7329735346457577,1239.0940835095657,62.52125444679421,0.05045722942176534,1288.4246592855864,63.178995457141156,0.04903584777100822
Imishli district,2024,53506.0,39405.0,18469.0,550.0,40800.0,0.7515060684919712,1311.421568627451,63.48562091503268,0.048409773358751046,1357.8479888339043,64.10463985111872,0.04721046860788198
Ismayilli district,2005,23106.0,23397.0,1323.0,8997.0,24735.0,0.5850336283871082,934.1419041843542,58.45522538912472,0.06257638708560546,987.562508013848,59.16750010685131,0.059912663377477714
Ismayilli district,2008,23474.0,22746.0,1411.0,8997.0,23681.0,0.6016865832308689,991.2588150838225,59.21678420111763,0.05973897361619949,1032.0056273630528,59.76007503150737,0.057906733691176056
Ismayilli district,2009,23491.0,22842.0,1265.0,8497.0,23715.0,0.6015165268615709,990.5545013704407,59.20739335160587,0.059771969406723136,1028.412573329831,59.712167644397745,0.058062463638556605
Ismayilli district,2010,33687.0,22908.0,1230.0,8497.0,23751.0,0.7379455154300557,1418.340280409246,64.91120373878995,0.04576560691067771,1470.5343111576742,65.60712414876899,0.04461448036334491
Ismayilli district,2011,33709.0,22997.0,1370.0,8577.0,23798.0,0.7373543617201809,1416.4635683670897,64.8861809115612,0.045808577333452,1465.799886941775,65.543998492557,0.04471551613317907
Ismayilli district,2012,34015.0,23059.0,1314.0,8577.0,23836.0,0.7393588510234705,1427.0431280416178,65.02724170722158,0.04556781811945711,1475.1290168697687,65.66838689159692,0.04451704640109756
Ismayilli district,2013,34066.0,23198.0,1413.0,8633.0,23925.0,0.7381586507555755,1423.866248693835,64.9848833159178,0.045639738546742595,1468.4886628157599,65.57984883754347,0.04465805593064443
Ismayilli district,2014,34118.0,23322.0,1169.0,8664.0,23979.0,0.7353666361555513,1422.8283081029233,64.97104410803898,0.04566330578189421,1462.9105565560415,65.50547408741389,0.044777497704046744
Ismayilli district,2015,34868.0,23427.0,1927.0,8771.0,24040.0,0.7447579787063042,1450.4159733777037,65.33887964503604,0.04504837291116974,1488.3681222521022,65.8449082966947,0.044239665787159196
Ismayilli district,2016,34891.0,23568.0,1462.0,8925.0,24050.0,0.740463360344969,1450.7692307692307,65.34358974358975,0.04504065040650407,1480.439579090292,65.73919438787055,0.044405185673478356
Ismayilli district,2017,34950.0,23709.0,1194.0,8811.0,24082.0,0.738017212206997,1451.2914209783241,65.350552279711,0.04502924177396281,1474.1237504745034,65.65498333966005,0.04453831187410587
Ismayilli district,2018,35506.0,23759.0,1169.0,8811.0,24105.0,0.7427872397849208,1472.9724123625804,65.63963216483441,0.04456270301733041,1494.4231659581633,65.92564221277551,0.04411444075179782
Ismayilli district,2019,36391.0,23847.0,1092.0,8811.0,24125.0,0.7497486834822936,1508.4352331606217,66.11246977547495,0.04382851071235562,1526.0200444500356,66.34693392600047,0.04347710514504502
Ismayilli district,2020,36498.0,21939.0,952.5,5330.0,22226.0,0.7900708246636963,1642.1308377575813,67.89507783676775,0.04134571757356568,1663.6127444277315,68.79201422124983,0.04135097813578826
Ismayilli district,2021,36558.0,19897.0,741.0,5330.0,20136.0,0.8156451538894361,1815.554231227652,77.63224618051794,0.04275953031049043,1837.36241644469,78.90108604769105,0.042942581899745855
Ismayilli district,2022,36594.0,19088.0,500.0,5330.0,19328.0,0.8235260630327149,1893.3153973509934,82.15653220951235,0.043392945689059804,1917.1207041072926,83.54156823896975,0.043576582350807636
Ismayilli district,2023,36619.0,18054.0,317.5,5480.0,18279.0,0.8327153200751429,2003.3371628644893,88.55779856666119,0.044205139408503784,2028.3039769580148,90.01041320482994,0.044377181244709026
Ismayilli district,2024,36728.0,16498.0,406.5,464.0,16683.0,0.8810357157574183,2201.5225079422166,99.99564997730795,0.04542113451784547,2226.2092374833314,99.92511646433334,0.04488577029592059
Jabrayil district,2018,7895.0,4158.0,989.0,967.0,4166.0,0.8769443770281075,1895.1032165146423,82.26055077903374,0.043406897345846046,1898.7493987493988,82.47269229087411,0.043435269733433125
Jabrayil district,2019,8321.0,4178.0,948.0,942.0,4186.0,0.8839683503116782,1987.8165312947922,87.65478000260609,0.04409601118746654,1991.6227860220201,87.87623482309935,0.04412293102883177
Jabrayil district,2023,9022.0,4291.0,1458.0,991.0,4296.0,0.8954579327157942,2100.093109869646,94.18723548332486,0.04484907599605006,2102.5402004194825,94.3296116607699,0.04486459361963685
Jalilabad district,2009,50643.0,45836.0,112.0,7580.0,49685.0,0.6680092436470125,1019.2814732816745,59.59041964375566,0.05846316371462986,1104.8738982459201,60.73165197661227,0.05496704381651956
Jalilabad district,2010,50705.0,45971.0,112.0,15038.0,49857.0,0.6374573470342435,1017.0086447239104,59.56011526298547,0.05856402064227722,1102.9779643688412,60.706372858251214,0.055038608947178116
Jalilabad district,2011,54905.0,46056.0,112.0,15038.0,49969.0,0.6679087845585628,1098.7812443715104,60.650416591620136,0.05519789940199739,1192.1356609345146,61.89514214579353,0.051919545882281516
Jalilabad district,2012,69530.0,46187.0,114.0,15038.0,50137.0,0.7549958184019097,1386.8001675409378,64.49066890054584,0.04650321683685699,1505.4019529304783,66.07202603907305,0.04388995637374755
Jalilabad district,2013,77490.0,46273.0,24.0,15038.0,50228.0,0.7899777705912661,1542.7649916381301,66.5701998885084,0.043149929023099755,1674.6266721414215,69.43282456095544,0.0414616736470395
Jalilabad district,2014,78500.0,46479.0,30.0,15038.4,50207.0,0.7930686892605913,1563.5269982273387,66.84702664303119,0.042753995753715496,1688.934787753609,70.26529674202817,0.04160332136653156
Jalilabad district,2015,82940.0,46763.0,30.0,15038.4,50295.0,0.8078864006859829,1649.0704841435531,67.98760645524737,0.041227835383007796,1773.6244466779292,75.19269507944315,0.04239493609838438
Jalilabad district,2016,82361.0,47518.0,102.0,2542.5,50319.0,0.8473483551187582,1636.7773604403903,67.8236981392052,0.0414373388699344,1733.2589755461088,72.84415857722814,0.04202727901886484
Jalilabad district,2017,82445.0,48853.0,48.0,2158.4,50331.0,0.8490291746694207,1638.0560688243827,67.8407475843251,0.04141540016576707,1687.6138619941457,70.18844287965939,0.041590345078537205
Jalilabad district,2018,72471.0,47718.0,148.0,2384.87,48858.0,0.8149488107014745,1483.2985386221294,65.77731384829507,0.04434529673938541,1518.7350685275997,66.24980091370134,0.043621696954643935
Jalilabad district,2019,75524.0,47288.0,148.0,655.0,48289.0,0.8451886453986773,1564.0000828346,66.85333443779467,0.04274509648147168,1597.1070884791068,67.29476117972142,0.042135409494553605
Jalilabad district,2020,74009.0,47534.0,148.0,698.0,48280.0,0.8390862050597778,1532.9121789560895,66.43882905274786,0.04334157557414189,1556.969747969874,66.75959663959833,0.04287790223711531
Jalilabad district,2021,73900.0,47491.0,159.0,1230.0,48101.0,0.8316510092014712,1536.3505956217127,66.48467460828951,0.043274415877311685,1556.0843107115031,66.7477908094867,0.042894713576905726
Jalilabad district,2022,73920.0,48229.0,197.0,1222.0,48876.0,0.8275822252902076,1512.398723299779,66.16531631066373,0.04374859307359308,1532.687801944888,66.43583735926518,0.04334596861471862
Jalilabad district,2023,72456.0,48465.0,159.0,1171.0,49105.0,0.8235508717286681,1475.5320232155584,65.67376030954078,0.044508529314342495,1495.0170225936242,65.93356030124832,0.04410221375731478
Jalilabad district,2024,71732.0,47883.0,87.0,1439.0,48635.0,0.8237494125457298,1474.9049038758096,65.66539871834414,0.04452178479153888,1498.0682079234803,65.97424277231308,0.04403954534470901
Kalbajar district,2005,5264.0,6841.0,52.0,525.0,7121.0,0.5120963894408398,739.2220193793006,67.13776155034405,0.09082218844984802,769.4781464698143,69.55825171758514,0.09039665653495439
Kalbajar district,2008,8010.0,10750.0,197.0,525.0,11165.0,0.5242259255307058,717.4205105239588,65.3936408419167,0.09115106117353308,745.1162790697674,67.6093023255814,0.09073657927590512
Kalbajar district,2009,8837.0,11444.0,499.0,525.0,11922.0,0.5478704020609514,741.234692165744,67.29877537325953,0.09079280298743919,772.1950367004544,69.77560293603635,0.0903600769491909
Kalbajar district,2010,14051.0,11589.0,357.0,520.0,11973.0,0.715042400092394,1173.5571702998413,61.64742893733122,0.05253040115768748,1212.4428337216325,62.16590444962176,0.051273266434180245
Kalbajar district,2011,15010.0,11753.0,325.0,520.0,12123.0,0.7330242842599454,1238.142373999835,62.50856498666447,0.05048576504552521,1277.1207351314558,63.02827646841941,0.049351854319342664
Kalbajar district,2012,15763.0,12472.0,319.0,520.0,12947.0,0.7290565021591402,1217.5021240441802,62.2333616539224,0.05111560828099558,1263.8710711994868,62.851614282659824,0.04972945082365878
Kalbajar district,2013,17053.0,12675.0,329.0,435.0,13197.0,0.7537649988598604,1292.1876183981208,63.22916824530828,0.04893187904376552,1345.4043392504932,63.93872452333991,0.047523798354150784
Kalbajar district,2014,17223.0,12712.0,319.0,405.0,13201.0,0.7566403432550564,1304.6738883417922,63.39565184455723,0.04859118620449399,1354.8615481434865,64.06482064191316,0.04728514196133079
Kalbajar district,2015,17396.0,12629.0,380.0,420.0,13089.0,0.7634746186414771,1329.0549316219726,63.7207324216263,0.047944393347129605,1377.4645656821601,64.36619420909547,0.04672802176745612
Kalbajar district,2016,17493.0,12164.0,256.0,480.0,12575.0,0.7724646276378242,1391.0934393638172,64.5479125248509,0.04640084605270681,1438.0960210457085,65.17461361394278,0.045320070885497055
Kalbajar district,2017,16936.0,12101.0,146.0,531.0,12469.0,0.7560291259808765,1358.2484561713047,64.1099794156174,0.04720048023933239,1399.5537558879432,64.66071674517258,0.046200952605888836
Kalbajar district,2018,17111.0,11999.0,151.0,531.0,12379.0,0.7626720146310068,1382.2602795056143,64.43013706007486,0.0466121598192196,1426.0355029585799,65.0138067061144,0.045590594744121714
Kalbajar district,2019,17210.0,11958.0,159.0,531.0,12417.0,0.7662838043362382,1386.0030603205282,64.48004080427371,0.04652229324036413,1439.203880247533,65.1893850699671,0.04529544838272322
Kalbajar district,2020,17348.0,12294.0,171.0,461.0,12521.0,0.7626596443314632,1385.5123392700264,64.47349785693369,0.046534048113135044,1411.0948430128517,64.81459790683802,0.045932134347859505
Kalbajar district,2021,18522.0,16401.0,116.2,461.0,16724.0,0.6844560224324765,1107.510165032289,60.76680220043052,0.0548679408271245,1129.3213828425096,61.057618437900125,0.05406575963718821
Kalbajar district,2022,20174.0,18563.0,90.0,461.0,18879.0,0.6733043746017165,1068.5947348906193,60.24792979854159,0.05638052278510294,1086.7855411302053,60.49047388173607,0.05565999140808302
Kalbajar district,2023,23237.0,18218.0,66.0,484.0,18442.0,0.7305841115179214,1260.0043379243032,62.80005783899071,0.04984114415228587,1275.496761444725,63.006623485929666,0.04939771341682088
Kalbajar district,2024,22714.0,15843.0,83.0,611.0,16083.0,0.7632884925776012,1412.298700491202,64.8306493398827,0.045904346805200905,1433.6931136779651,65.11590818237286,0.04541830295559273
Khachmaz district,2005,34270.0,24102.0,2978.0,5085.0,25772.0,0.7465710427090497,1329.737699829272,63.729835997723626,0.04792662192393736,1421.8737034271014,64.95831604569469,0.04568501118568232
Khachmaz district,2008,36185.0,24694.0,5314.0,5143.0,25973.0,0.7590248497408881,1393.1775305124552,64.57570040683274,0.04635137948505366,1465.3357090791285,65.53780945438838,0.04472545714154116
Khachmaz district,2009,36511.0,24847.0,5815.0,5414.0,26129.0,0.7590974754055819,1397.3362930077692,64.63115057343693,0.046253110934604186,1469.4329295287157,65.59243906038287,0.04463792646964841
Khachmaz district,2010,37862.0,24657.0,5812.0,4386.0,26020.0,0.7781427318260616,1455.1114527286702,65.40148603638227,0.04494603208141848,1535.5477146449284,66.47396952859904,0.04329007095944922
Khachmaz district,2011,39263.0,24709.0,3768.0,4496.8,25961.0,0.7870973908531802,1512.3839605562189,66.16511947408291,0.04374888996425812,1589.016147962281,67.1868819728304,0.04228206369015782
Khachmaz district,2012,39852.0,24682.0,3358.0,5110.0,25850.0,0.7889614375845241,1541.6634429400387,66.55551257253384,0.043171233564187485,1614.6179401993356,67.52823920265782,0.04182304526748972
Khachmaz district,2013,42513.0,24651.0,2906.0,4551.5,25738.0,0.8100756382456583,1651.7600435154247,68.10240253180653,0.041230203381639415,1724.5953511013752,72.3400931549891,0.04194612557014646
Khachmaz district,2014,45379.0,24579.0,3083.0,4642.46,25543.0,0.8278665861545166,1776.5728379595193,75.36423784491748,0.04242113592791219,1846.2508645591765,79.41823211980663,0.04301594850641767
Khachmaz district,2015,48640.0,25475.0,3228.0,4685.47,26428.0,0.8361163432467393,1840.4722264265174,79.08202044663373,0.042968331339712916,1909.3228655544651,83.08787581407798,0.04351693331339713
Khachmaz district,2016,52020.0,25029.0,3604.0,2875.7,25925.0,0.8609533107072642,2006.5573770491803,88.7451564828614,0.04422756981580511,2078.3890686803306,92.92445490503742,0.04470984586347908
Khachmaz district,2017,60569.0,25394.0,4520.0,2753.4,26335.0,0.885070726185041,2299.943041579647,99.71444845262958,0.04335518169360564,2385.169725131921,99.47094364248022,0.04170392680838618
Khachmaz district,2018,63822.0,25626.0,4663.0,2850.25,26491.0,0.8910449707710145,2409.195575855951,99.40229835469728,0.04125953880659154,2490.5174432217277,99.16995016222363,0.03981901449119649
Khachmaz district,2019,69035.0,24966.0,4789.0,3401.0,25735.0,0.9031354975003766,2682.533514668739,99.69147920696733,0.03716318124706749,2765.16061844108,100.1225771396926,0.036208593624531986
Khachmaz district,2020,71902.0,25475.0,4756.6,1965.0,26205.0,0.9084642397729176,2743.827513833238,100.01127398521689,0.036449548479633505,2822.453385672228,100.4214959252464,0.035579505558894775
Khachmaz district,2021,74902.0,25271.0,4443.6,1980.0,26065.0,0.9134093805800916,2873.661998849031,100.68867129834277,0.035038453143992204,2963.950773614024,101.15974316668186,0.034130034839726806
Khachmaz district,2022,78806.0,25429.0,3558.6,2695.0,26129.0,0.9161421309752,3016.035822266447,101.43149124660755,0.03363073160397189,3099.0601282000866,101.86466153843523,0.03286953376977476
Khachmaz district,2023,82482.0,24378.0,2672.7,2874.0,24878.0,0.9232180639681992,3315.4594420773374,102.99370143692524,0.03106468446870622,3383.460497169579,103.34848955044998,0.030545203538479542
Khachmaz district,2024,83747.0,23096.0,2354.9,2731.0,23418.0,0.9285404863174412,3576.180715688786,104.3539863427241,0.029180288872125724,3626.0391409767926,104.61411725727022,0.028850796472397973
Khizi district,2008,5209.0,5049.0,186.0,540.0,5068.0,0.6571344906827447,1027.8216258879243,59.70428834517232,0.058088180712868746,1031.6894434541493,59.75585924605532,0.057920394189543735
Khizi district,2010,8940.0,5126.0,369.0,540.0,5150.0,0.8437558541204989,1735.9223300970873,72.9991173874669,0.042052064266829364,1744.0499414748342,73.47199659489945,0.04212723205206427
Khizi district,2011,9650.0,5441.0,176.0,540.0,5460.0,0.8340038618142784,1767.3992673992675,74.83050283050284,0.04233933113518606,1773.5710347362617,75.18958747556432,0.04239446066886481
Khizi district,2012,11575.0,6062.0,501.0,540.0,6078.0,0.8623507460031881,1904.4093451793353,82.80199826497952,0.04347909679952877,1909.4358297591555,83.09444827689632,0.043517800903200475
Khizi district,2013,11748.0,5643.0,186.0,540.0,5653.0,0.867783644860643,2078.188572439413,92.9127896692022,0.04470854613551243,2081.87134502924,93.1270600744285,0.04473237997957099
Khizi district,2014,10956.0,5933.0,38.0,540.0,5976.0,0.8161364636785631,1833.3333333333333,78.66666666666666,0.042909090909090904,1846.6205966627338,79.43974380583178,0.04301898503103322
Khizi district,2015,12080.0,5083.0,113.0,568.4,5114.0,0.8848179635963695,2362.143136488072,99.53673389574837,0.04213831598864712,2376.549281920126,99.49557348022822,0.041865562913907285
Khizi district,2016,10344.0,5137.0,259.0,503.4,5147.0,0.8681835965781681,2009.7143967359627,88.9288376282742,0.044249490262251286,2013.6266303289858,89.15645849186826,0.044276559094424524
Khizi district,2017,9468.0,4675.0,300.0,98.5,4685.0,0.8784947323087343,2020.9178228388473,89.58067332880566,0.04432672734954104,2025.24064171123,89.83218279047156,0.044356300649076315
Khizi district,2018,6992.0,5191.0,265.0,2796.4,5207.0,0.7284876312334603,1342.8077587862492,63.904103450483326,0.04758991228070176,1346.9466384126372,63.9592885121685,0.04748464912280702
Khizi district,2019,6845.0,4815.0,297.0,3919.0,4864.0,0.7441730090232824,1407.2779605263158,64.76370614035088,0.046020550280009745,1421.5991692627206,64.95465559016961,0.045691258826393966
Khizi district,2020,6728.0,4837.0,375.0,2245.0,4866.0,0.7594042025950118,1382.655158240855,64.43540210987807,0.046602655568767345,1390.9448004961753,64.54593067328234,0.046404379706698376
Khizi district,2021,7057.0,4541.0,240.0,2226.0,4561.0,0.7857189944727401,1547.2484104363077,66.62997880581744,0.043063530300883286,1554.0629817220877,66.72083975629451,0.04293316328940532
Khizi district,2022,6985.0,4514.0,596.0,725.0,4542.0,0.8254828471798911,1537.8687802730076,66.50491707030677,0.04324485802911,1547.4080638015064,66.63210751735342,0.04306046289668337
Khizi district,2023,6987.0,4143.0,305.0,635.0,4156.0,0.838152859293785,1681.1838306063523,69.8143319625514,0.04152688759644535,1686.4590876176683,70.12125600684615,0.04157898434755454
Khizi district,2024,7022.0,4063.0,90.0,341.0,4082.0,0.8269208099816859,1720.235178833905,72.08641040488175,0.04190497397788768,1728.2795963573715,72.5544492426107,0.041980735869086766
Khojavand district,2005,1858.0,1678.0,254.0,630.0,1688.0,0.7698424983049014,1100.7109004739336,60.67614533965245,0.05512450663796197,1107.2705601907032,60.763607469209376,0.05487692859705776
Khojavand district,2008,1660.0,957.0,553.0,375.0,961.0,0.9175982250627096,1727.3673257023934,72.50137167723015,0.04197217962760131,1734.5872518286312,72.92144010639309,0.04203964950711939
Khojavand district,2009,813.0,797.0,615.0,130.0,800.0,0.8614911617993916,1016.25,59.55,0.05859778597785978,1020.0752823086575,59.60100376411543,0.058428044280442806
Khojavand district,2010,385.0,872.0,521.0,50.0,872.0,0.5639729781651778,441.51376146788994,46.0,0.10418701298701298,441.51376146788994,46.0,0.10418701298701298
Khojavand district,2011,290.0,880.0,475.0,312.0,881.0,0.4563954523440937,329.17139614074915,46.0,0.1397448275862069,329.54545454545456,46.0,0.1395862068965517
Khojavand district,2012,1103.0,934.0,512.0,50.0,937.0,0.8707509993130188,1177.1611526147278,61.69548203486304,0.052410395889996984,1180.9421841541755,61.74589578872234,0.05228528256270777
Khojavand district,2013,1486.0,1010.0,270.0,50.0,1010.0,0.8877668177270116,1471.2871287128712,65.61716171617162,0.04459847465231046,1471.2871287128712,65.61716171617162,0.04459847465231046
Kurdamir district,2005,23071.0,21791.0,10331.0,3960.0,28773.0,0.6481311362244644,801.8281027352032,71.74406561707156,0.08947561874214381,1058.7398467257124,60.11653128967617,0.05678121162209411
Kurdamir district,2008,24038.0,24181.0,12927.0,6271.0,30411.0,0.6117300982084928,790.4376705797245,71.23501364637795,0.09012097512272235,994.0862660766718,59.254483547688956,0.059606983387414374
Kurdamir district,2009,24446.0,24726.0,15727.0,6331.0,30770.0,0.6096811417983419,794.4751381215469,71.55801104972376,0.09006954102920724,988.6758877295155,59.18234516972687,0.059860208895797545
Kurdamir district,2010,32693.0,25097.0,14809.0,5992.0,31106.0,0.7167244451708918,1051.019095994342,60.01358794659123,0.057100378266499455,1302.6656572498705,63.368875429998276,0.048645540839527324
Kurdamir district,2011,33454.0,25988.0,14086.0,5991.16,32175.0,0.7114241701451218,1039.7513597513598,59.863351463351464,0.05757467965963213,1287.2864398953363,63.163819198604486,0.04906741595424564
Kurdamir district,2012,37400.0,26444.0,13447.0,6307.0,32507.0,0.7442120647616468,1150.5214261543667,61.34028568205822,0.05331520499108735,1414.3094841930117,64.85745978924015,0.04585803921568627
Kurdamir district,2013,41564.0,27444.0,16841.0,6205.26,33256.0,0.7678552353196116,1249.8195814289152,62.66426108571887,0.050138645622814615,1514.5022591458971,66.19336345527863,0.04370634844256248
Kurdamir district,2014,41620.0,27468.0,17236.0,7099.82,32889.0,0.7652250321676276,1265.468697740886,62.87291596987848,0.04968350152170431,1515.2177078782584,66.20290277171011,0.043692007047893645
Kurdamir district,2015,41786.0,28084.0,14978.0,6448.5,33516.0,0.7605916461449314,1246.7478219357918,62.62330429247722,0.0502293272068795,1487.8934624697335,65.83857949959645,0.04424952535937077
Kurdamir district,2016,42786.0,28202.0,13244.0,6489.5,33548.0,0.7667614261464202,1275.3666388458328,63.00488851794444,0.049401392979011825,1517.1264449329835,66.22835259910644,0.043653811994577664
Kurdamir district,2017,42834.0,28522.0,12975.0,7635.53,33571.0,0.7595685611535141,1275.9226713532514,63.01230228471002,0.04938567493112948,1501.7880934015848,66.02384124535446,0.04396348694961946
Kurdamir district,2018,43265.0,28607.0,10131.0,9495.53,33025.0,0.7560742554655517,1310.0681302043906,63.46757506939188,0.04844601101737355,1512.3920718705212,66.16522762494029,0.04374872683847606
Kurdamir district,2019,44842.0,28881.0,10234.0,12260.0,33154.0,0.7581500532856361,1352.5366471617301,64.0338219621564,0.047343502371288815,1552.6470690073058,66.7019609200974,0.04296015640099311
Kurdamir district,2020,44894.0,28832.0,10265.5,10415.0,32580.0,0.7635389697266922,1377.961939840393,64.37282586453857,0.04671596798384342,1557.089345172031,66.76119126896042,0.042875632972483334
Kurdamir district,2021,46468.0,29305.0,9269.0,6912.0,32790.0,0.7790334964399532,1417.1393717596827,64.89519162346244,0.045793090585636,1585.6679747483365,67.14223966331116,0.04234318957849129
Kurdamir district,2022,47734.0,28058.0,8888.0,6810.0,31102.0,0.8009253837943507,1534.7566072921356,66.46342143056181,0.043305512492842285,1701.2616722503385,70.98249729456515,0.041723444695414356
Kurdamir district,2023,48331.0,27277.0,8784.0,7576.0,30080.0,0.810473288667717,1606.748670212766,67.42331560283688,0.041962577503741556,1771.859075411519,75.08998256939746,0.0423792070212794
Kurdamir district,2024,48072.0,25250.0,8712.0,7027.0,27620.0,0.8311138638264411,1740.4779145546706,73.26416957408993,0.04209428281819695,1903.8415841584158,82.76896489648965,0.043474712174162995
Lachin district,2005,5045.0,9036.0,477.0,370.0,11301.0,0.448730335870229,446.4206707371029,46.0,0.10304182358771061,558.3222664895972,52.66578131916777,0.09432864222001983
Lachin district,2009,11907.0,11798.0,2123.0,170.0,14210.0,0.6682255089260103,837.9310344827586,66.6896551724138,0.07958847736625514,1009.2388540430582,59.456518053907445,0.058912236499538084
Lachin district,2015,20350.0,15489.0,1989.0,9560.0,17074.0,0.6966360505303623,1191.870680566944,61.89160907422592,0.051928124488124484,1313.8356252824585,63.517808337099446,0.04834532350532351
Lachin district,2017,19846.0,13770.0,1463.0,2798.5,15048.0,0.762412380722311,1318.8463583200426,63.5846181109339,0.048212301387349256,1441.2490922294844,65.21665456305979,0.04525009237797709
Lachin district,2018,15610.0,13732.0,1837.0,2798.5,14767.0,0.6782518427252211,1057.0867474774836,60.094489966366446,0.056849156523595984,1136.7608505680164,61.156811340906884,0.053799188554345505
Lachin district,2019,15374.0,13645.0,1224.0,2798.0,14679.0,0.6692994296567334,1047.3465494924721,59.96462065989963,0.057253848488790594,1126.7130817149139,61.022841089532186,0.05416005377043493
Lankaran district,2008,25297.0,20619.0,189.0,556.0,21291.0,0.7240330717174578,1188.1546193227184,61.84206159096958,0.052048833194977,1226.8781221203744,62.358374961604994,0.05082687011635109
Lankaran district,2009,26410.0,20630.0,432.0,607.0,21204.0,0.740478739978107,1245.5197132616488,62.60692951015532,0.05026570743405275,1280.1745031507514,63.068993375343354,0.049265934620724476
Lankaran district,2010,27976.0,21324.0,1343.0,852.0,21674.0,0.7480072972114836,1290.763126326474,63.210175017686325,0.048971165761128595,1311.948977677734,63.49265303570312,0.04839567248117434
Lankaran district,2011,28983.0,22219.0,1194.0,823.6,22555.0,0.7465957931081211,1284.9922411882067,63.133229882509426,0.04913121485008453,1304.4241415005176,63.39232188667357,0.04859793672152641
Lankaran district,2012,30152.0,23043.0,482.0,897.0,23304.0,0.7459616052592714,1293.8551321661516,63.25140176221535,0.04888599982311842,1308.5101766263074,63.44680235501743,0.04848781728133015
Lankaran district,2013,31208.0,23513.0,489.0,806.5,23834.0,0.7530820246714411,1309.389947134346,63.458532628457945,0.04846419721438947,1327.2657678730916,63.69687690497456,0.04799104930359737
Lankaran district,2014,31893.0,23640.0,479.0,1250.8,24070.0,0.7518794113844048,1325.0103863730785,63.66680515164105,0.04805004232903772,1349.1116751269035,63.988155668358715,0.04742984353933465
Lankaran district,2015,32885.0,23661.0,597.0,1164.8,24088.0,0.7636807247011045,1365.2025905014946,64.2027012066866,0.04702796614464549,1389.8398208021638,64.53119761069551,0.0464306725457402
Lankaran district,2016,33419.0,23426.0,873.0,1240.4,23839.0,0.7717606898333191,1401.8624942321405,64.69149992309521,0.04614682266574903,1426.5773072654315,65.02103076353909,0.04557834365680202
Lankaran district,2017,33790.0,23002.0,929.0,1587.6,23504.0,0.7771286534629986,1437.6276378488767,65.1683685046517,0.04533049225609155,1469.0026954177897,65.58670260557054,0.044647094801223246
Lankaran district,2018,34089.0,23530.0,609.0,1567.4,23953.0,0.7722684628557314,1423.1620256335323,64.97549367511377,0.04565572472058435,1448.7462813429663,65.31661708457288,0.04508492475578632
Lankaran district,2019,34785.0,23866.0,522.0,1572.0,24316.0,0.7741742526236458,1430.5395624280309,65.07386083237374,0.04548903262900675,1457.5127796865834,65.43350372915444,0.044893948541037794
Lankaran district,2020,34936.0,24075.0,456.0,1604.0,24510.0,0.7723024636329278,1425.3773969808242,65.00503195974433,0.04560548813067705,1451.1318795430946,65.3484250605746,0.04503272650942677
Lankaran district,2021,35210.0,24407.0,441.0,4026.0,24765.0,0.7490742453852046,1421.764587118918,64.95686116158558,0.045687494083120325,1442.6189208014093,65.23491894401879,0.04521978604563097
Lankaran district,2022,35660.0,24654.0,292.1,1582.0,25064.0,0.7712711580613125,1422.757740185126,64.97010320246835,0.045664909328846516,1446.4184310862336,65.28557908114978,0.045136025425313135
Lankaran district,2023,36440.0,24519.0,256.6,1667.0,24925.0,0.7784634633934513,1461.985957873621,65.49314610498162,0.04479738382729601,1486.1943798686732,65.81592506491565,0.044284870106110506
Lankaran district,2024,37003.0,24841.0,155.1,1613.0,25326.0,0.7791318971253417,1461.0676774855879,65.48090236647451,0.0448171589690926,1489.593816674047,65.8612508889873,0.04421423488185643
Lerik district,2005,13745.0,15892.0,519.0,2848.0,16254.0,0.5570065854121679,845.6379968007875,65.61068044788975,0.07758719534376136,864.9005789076265,62.91391895293229,0.0727412149872681
Lerik district,2008,13768.0,16493.0,239.0,2833.0,16696.0,0.5366563386023159,824.6286535697172,68.55198850023959,0.08313073794305638,834.7783908324744,67.13102528345358,0.08041778036025567
Lerik district,2009,13776.0,16411.0,407.0,2833.0,16585.0,0.5442257203730699,830.6300874283992,67.71178776002411,0.08151858304297327,839.4369630126135,66.4788251782341,0.07919454123112658
Lerik district,2010,13788.0,16642.0,415.0,2248.0,16747.0,0.5458432355437932,823.3116379052965,68.7363706932585,0.08348767043806209,828.5061891599568,68.00913351760606,0.08208645198723527
Lerik district,2011,13795.0,16644.0,356.0,1739.6,16732.0,0.5505405395714361,824.468085106383,68.57446808510637,0.08317419354838708,828.8272049987984,67.96419130016822,0.08200043494019572
Lerik district,2012,14943.0,16701.0,306.0,1700.0,16764.0,0.5775606037308247,891.3743736578382,59.20758768790265,0.06642280666532825,894.7368421052631,58.736842105263165,0.06564705882352942
Lerik district,2013,15109.0,16724.0,334.0,1707.3,16789.0,0.5819115844949942,899.9344809101198,58.00917267258323,0.06445932887682837,903.4321932552022,58.04576257673603,0.06425027025834491
Lerik district,2014,15194.0,16753.0,341.0,1697.0,16811.0,0.5837298883797314,903.8129795966927,58.0508397279559,0.0642288183932254,906.9420402316003,58.09256053642134,0.0640532227633715
Lerik district,2015,15644.0,16783.0,423.0,1691.26,16831.0,0.5961593146313322,929.4753728239558,58.39300497098608,0.06282361714821444,932.1337067270453,58.42844942302727,0.06268247677490837
Lerik district,2016,15696.0,16868.0,411.0,1667.0,16908.0,0.5956536484010783,928.3179559971611,58.377572746628815,0.06288532110091744,930.5193265354518,58.406924353806026,0.06276809378185524
Lerik district,2017,15967.0,16485.0,389.0,1659.0,16532.0,0.6101026471856569,965.8238567626421,58.877651423501895,0.060961065530991,968.5774946921443,58.91436659589526,0.060825661259681425
Lerik district,2018,15979.0,16701.0,318.0,1610.0,16745.0,0.6044180062960881,954.255001492983,58.72340001990644,0.06153847758516386,956.7690557451649,58.756920743268864,0.06141181133571145
Lerik district,2019,23521.0,16998.0,309.0,1025.0,17040.0,0.7539658642998722,1380.3403755868544,64.40453834115806,0.046658447061491144,1383.7510295328862,64.45001372710514,0.04657630769666822
Lerik district,2020,23653.0,17298.0,301.0,229.0,17349.0,0.7669443254453772,1363.3638826445329,64.1781851019271,0.04707340858805789,1367.383512544803,64.23178016726403,0.0469742245522062
Lerik district,2021,23961.0,17118.0,527.2,211.0,17168.0,0.776077802003464,1395.6780055917986,64.60904007455731,0.04629222486540629,1399.7546442341395,64.66339525645519,0.0461962355494345
Lerik district,2022,23743.0,17824.0,308.0,222.0,17874.0,0.7589163270992222,1328.3540337921002,63.711387117228,0.0479626556599138,1332.080341113106,63.761071214841415,0.04786578500329922
Lerik district,2023,27699.0,17134.0,376.0,222.0,17160.0,0.8176648963505126,1614.1608391608393,67.52214452214453,0.04183111303657173,1616.610248628458,67.55480331504612,0.041787934582475914
Lerik district,2024,30896.0,17145.0,376.0,215.0,17145.0,0.8443022233539866,1802.0414114902303,76.84604575943158,0.042643884468716156,1802.0414114902303,76.84604575943158,0.042643884468716156
Masalli district,2005,43524.0,28957.0,315.0,1180.0,30607.0,0.7949463934244536,1422.0276407357794,64.96036854314373,0.0456815090524768,1503.0562558276065,66.04075007770142,0.04393764359893392
Masalli district,2008,44155.0,32320.0,472.0,2.0,34170.0,0.7010954484632573,1292.2153936201346,63.229538581601794,0.048931113879137886,1366.1819306930693,64.21575907590758,0.047003812327784694
Masalli district,2009,44185.0,33614.0,583.0,11.0,35476.0,0.7396048785598069,1245.4899086706505,62.60653211560867,0.050266591226283436,1314.4820610459929,63.526427480613236,0.048328105314775
Masalli district,2010,42223.0,33072.0,974.0,11.0,34943.0,0.7191400935613967,1208.3392954239762,62.111190605653015,0.051402111013744485,1276.6993226898887,63.02265763586519,0.04936374329946554
Masalli district,2011,43133.0,33775.0,913.0,11.0,35473.0,0.721125316684027,1215.9388830941843,62.21251844125579,0.05116418210341656,1277.0688378978534,63.027584505304716,0.04935331803182406
Masalli district,2012,45289.0,34655.0,1089.0,11.0,36308.0,0.7271254024035285,1247.3559546105541,62.631412728140724,0.05021133903008089,1306.8532679267062,63.42471023902275,0.048532388291490945
Masalli district,2013,48575.0,34980.0,1951.0,14.0,36619.0,0.7446532440327052,1326.4971735984052,63.68662898131207,0.04801113055412592,1388.650657518582,64.51534210024776,0.046459015268485164
Masalli district,2014,48960.0,35040.0,1759.0,15.0,36488.0,0.7504404402517446,1341.8110063582549,63.89081341811006,0.04761535947712418,1397.2602739726028,64.63013698630137,0.046254901960784314
Masalli district,2015,49018.0,35041.0,1458.0,14.0,36448.0,0.7525057479587508,1344.8748902546092,63.931665203394786,0.04753725842207624,1398.8756028652151,64.65167470486954,0.0462168863138711
Masalli district,2016,49872.0,35085.0,1765.0,14.0,36495.0,0.7546759554088165,1366.5433621043978,64.22057816139197,0.046994906961822264,1421.462163317657,64.95282884423543,0.04569437760667308
Masalli district,2017,50101.0,35092.0,3921.0,14.0,36505.0,0.741537051089552,1372.442131214902,64.29922841619869,0.04685022920367524,1427.704320072951,65.03605760097268,0.045552889829211664
Masalli district,2018,50194.0,35126.0,2425.0,9.72,36567.0,0.7407350823309877,1372.6584078540761,64.30211210472102,0.0468449482673892,1428.9699937368332,65.05293324982445,0.045524352180207464
Masalli district,2019,49249.0,35200.0,2963.0,10.0,36628.0,0.7299998672531546,1344.5724582286775,63.92763277638237,0.04754495184335385,1399.1193181818182,64.65492424242424,0.04621115826378878
Masalli district,2023,50526.0,36012.0,2895.0,13.0,37460.0,0.7394537738896961,1348.7987186332089,63.98398291510945,0.04743775481930095,1403.032322559147,64.70709763412196,0.046119463246645294
Masalli district,2024,50545.0,35687.0,3262.0,16.0,37198.0,0.7459310949486672,1358.8096134200764,64.11746151226768,0.047186493883338274,1416.3420853532098,64.8845611380428,0.0458113628120157
Neftchala district,2005,18736.0,16486.0,5805.0,797.0,18431.0,0.704352248417037,1016.5482068254571,59.55397609100609,0.058584507543410186,1136.479437098144,61.15305916130859,0.05380920865357245
Neftchala district,2008,19999.0,16895.0,12775.0,1128.0,18554.0,0.7198850804142191,1077.8807804247062,60.37174373899608,0.056009667150024166,1183.7229949689256,61.78297326625234,0.05219377635548444
Neftchala district,2009,20000.0,17547.0,11131.0,1658.0,19113.0,0.6991408022382608,1046.408203840318,59.95210938453757,0.057293233333333325,1139.7959765202029,61.19727968693604,0.05369143333333334
Neftchala district,2010,20167.0,17929.0,10285.0,1143.0,19495.0,0.6970714325870042,1034.4703770197486,59.792938360263314,0.057800532222607885,1124.8257013776563,60.99767601836875,0.05422855820564949
Neftchala district,2011,20207.0,18268.0,10754.0,734.0,19864.0,0.693462911839999,1017.2674184454289,59.563565579272385,0.05855251480510055,1106.1418874534706,60.74855849937961,0.054919318388017356
Neftchala district,2012,22869.0,18521.0,12072.0,1143.0,20236.0,0.7313541960618908,1130.114647163471,61.06819529551295,0.0540371682189864,1234.7605420873604,62.46347389449814,0.05058752022388386
Neftchala district,2013,23734.0,18929.0,10628.0,1196.2,20677.0,0.735292113784902,1147.8454321226484,61.304605761635315,0.05340841549394681,1253.8433092080934,62.71791078944125,0.05002053313109183
Neftchala district,2014,23865.0,19147.0,12191.0,2086.0,20869.0,0.7267780784548981,1143.5622214768316,61.24749628635776,0.053558516656191074,1246.4093591685382,62.61879145558051,0.05023934632306725
Neftchala district,2015,24325.0,19356.0,12348.0,2173.0,21062.0,0.7289007740064523,1154.9235590162377,61.39898078688317,0.05316280918122644,1256.7162636908452,62.75621684921127,0.0499366632408359
Neftchala district,2016,24415.0,19559.0,10695.0,2056.0,21173.0,0.7262233182365035,1153.1195390355642,61.374927187140855,0.05322512116868045,1248.2744516590828,62.64365935545444,0.05018420369991125
Neftchala district,2017,24508.0,19802.0,8746.0,2445.2,21039.0,0.7190493835519097,1164.8842625600075,61.53179016746677,0.05282223491648985,1237.6527623472377,62.5020368312965,0.050500462434035144
Neftchala district,2018,27163.0,19877.0,8870.0,769.0,20959.0,0.766588330401731,1296.0064888592012,63.28008651812269,0.048826982782952305,1366.554309000352,64.22072412000469,0.04699463731301157
Neftchala district,2019,31151.0,20017.0,9519.0,2487.0,21030.0,0.7962607000105916,1481.2648597242035,65.75019812965604,0.044387874118540865,1556.227206874157,66.74969609165542,0.04289199918675697
Neftchala district,2020,31180.0,20216.0,11282.8,2030.0,21127.0,0.7964673374185456,1475.8366071851185,65.67782142913491,0.04450209536027368,1542.342698852394,66.56456931803191,0.043158092794526405
Neftchala district,2021,31696.0,21582.0,11311.5,2031.0,22452.0,0.7798689630500254,1411.7227863887404,64.8229704851832,0.04591763419148578,1468.6312667964044,65.58175022395206,0.044655014302540805
Neftchala district,2022,31920.0,21603.0,9268.2,1708.0,22440.0,0.7833258187327962,1422.4598930481284,64.96613190730838,0.04567167919799499,1477.5725593667546,65.7009674582234,0.0444654761904762
Neftchala district,2023,32157.0,23774.0,8505.4,1699.0,24708.0,0.7523235754411766,1301.4813016027197,63.3530840213696,0.048677675156264574,1352.6120972490955,64.03482796332128,0.04734160524924589
Neftchala district,2024,34894.0,22820.0,8063.0,1399.0,23814.0,0.7947133445766553,1465.2725287645922,65.53696705019456,0.044726810721996135,1529.0972830850133,66.38796377446684,0.04341644217726066
Oghuz district,2005,15476.0,10595.0,748.0,856.0,12565.0,0.783244391922473,1231.6752884998011,62.42233717999735,0.05068083914878953,1460.6890042472864,65.47585338996382,0.04482532092702679
Oghuz district,2008,15491.0,11440.0,2373.0,149.0,13051.0,0.7765715286255307,1186.9588537276836,61.82611804970245,0.05208783594775462,1354.1083916083917,64.05477855477855,0.04730402599358767
Oghuz district,2009,15493.0,11396.0,2216.0,214.0,12926.0,0.778230880392377,1198.591985146217,61.98122646861623,0.05171169775597582,1359.5121095121094,64.12682812682813,0.04716900105423955
Oghuz district,2010,15895.0,11464.0,2523.0,154.0,12931.0,0.7844798836026081,1229.2166112442967,62.389554816590625,0.05075554157491874,1386.5143056524773,64.4868574086997,0.04651005557303135
Oghuz district,2011,15926.0,11498.0,3445.0,38.2,12942.0,0.7724620146196378,1230.56714572709,62.407561943027865,0.05071447109548327,1385.1104539919986,64.46813938655998,0.0465436811921805
Oghuz district,2012,15953.0,11406.0,3017.0,29.0,12798.0,0.7711729622528525,1246.522894202219,62.62030525602959,0.050235984872228835,1398.6498334210064,64.64866444561342,0.04622219436260682
Oghuz district,2013,16079.0,11463.0,3007.0,29.0,12799.0,0.77190934811257,1256.270021095398,62.75026694793864,0.0499496651947675,1402.686905696589,64.70249207595452,0.04612753695296142
Oghuz district,2015,16084.0,11258.0,2789.0,117.0,12070.0,0.7936362999102475,1332.5600662800332,63.76746755040044,0.0478533532288817,1428.672943684491,65.04897258245988,0.045531045345270665
Oghuz district,2016,16086.0,11209.0,2553.0,117.0,11826.0,0.7946568995798359,1360.2232369355656,64.13630982580754,0.04715131169961457,1435.0967972165224,65.13462396288696,0.04538692030336939
Oghuz district,2017,16086.0,10843.0,2093.0,117.0,11257.0,0.8043308703051528,1428.977525095496,65.05303366793994,0.04552418251896058,1483.5377663008392,65.78050355067785,0.0443402959094865
Oghuz district,2018,15389.0,10112.0,1712.0,114.0,10467.0,0.8122665159526504,1470.239801280214,65.60319735040285,0.04462074642060346,1521.8552215189873,66.2914029535865,0.043559598847661744
Oghuz district,2019,14374.0,10190.0,1849.0,114.0,10443.0,0.7905637138473472,1376.4243991190272,64.35232532158703,0.046753258197671725,1410.5986261040237,64.80798168138698,0.04594360187375353
Oghuz district,2022,14049.0,9945.0,1016.0,907.0,10152.0,0.777200527682994,1383.8652482269504,64.451536643026,0.04657356395472988,1412.6696832579185,64.83559577677225,0.04589579329489643
Oghuz district,2023,14094.0,9599.0,1041.0,1181.0,9791.0,0.7869330995788686,1439.4852415483608,65.19313655397815,0.04528920107847312,1468.2779456193352,65.57703927492447,0.04466255144032922
Oghuz district,2024,13819.0,9434.0,1073.0,1554.0,9649.0,0.7827697716116291,1432.1691366981033,65.09558848930804,0.04545244470173915,1464.808140767437,65.53077521023249,0.04473676339339557
Saatli district,2005,31540.0,23956.0,7306.0,576.0,27036.0,0.7515270709168979,1166.592691226513,61.55456921635351,0.05276440498837456,1316.5803973952245,63.554405298602994,0.0482723314309871
Saatli district,2008,36381.0,27231.0,15470.0,548.0,29730.0,0.7517384793756962,1223.7134207870838,62.316178943827786,0.050923833869327396,1336.0141015754105,63.8135213543388,0.04776410763860257
Saatli district,2009,36523.0,27997.0,14398.0,548.0,30374.0,0.7432267153046667,1202.4428787779023,62.0325717170387,0.05158878879975176,1304.5326284959103,63.39376837994547,0.04859500406136772
Saatli district,2010,36770.0,28823.0,12622.0,548.0,30943.0,0.7355369354535003,1188.3139967036163,61.844186622714886,0.05204364064907987,1275.7173090934323,63.009564121245766,0.049391478560420636
Saatli district,2011,36845.0,29360.0,15137.0,382.8,31355.0,0.7278372354850459,1175.091691915165,61.66788922553553,0.05247921472836658,1254.9386920980926,62.73251589464124,0.04998851042656172
Saatli district,2012,37304.0,29841.0,16244.0,225.0,31524.0,0.7228711123244582,1183.352366450958,61.77803155267944,0.052205947530202294,1250.0921550886364,62.66789540118182,0.050130620487525916
Saatli district,2013,37891.0,29913.0,16426.0,224.8,31569.0,0.7275672478303989,1200.2597484874402,62.00346331316587,0.05165837094120855,1266.706783004045,62.889423773387264,0.04964797269360358
Saatli district,2014,37893.0,29971.0,17688.0,231.4,31560.0,0.7263408201445855,1200.6653992395438,62.00887198986059,0.05164542263742644,1264.322178105502,62.857629041406696,0.049716464782413636
Saatli district,2015,38253.0,31160.0,19287.0,457.0,32064.0,0.717060109415624,1193.0202095808384,61.906936127744515,0.05189093665856273,1227.6315789473683,62.368421052631575,0.050803858520900316
Saatli district,2016,38696.0,31309.0,17620.0,480.0,32093.0,0.7203113336739587,1205.7458012650734,62.07661068353431,0.051483994900420375,1235.9385480213357,62.479180640284476,0.05055201226655641
Saatli district,2017,38753.0,31415.0,13299.0,476.0,32135.0,0.7218758203921319,1205.943675120585,62.0792490016078,0.051477735057070845,1233.5826834314819,62.447769112419756,0.050623091545600775
Saatli district,2018,41852.0,31531.0,13688.0,550.0,32208.0,0.7479690910343965,1299.4287133631397,63.3257161781752,0.04873350536812259,1327.3286606831373,63.69771547577516,0.04798940711714295
Saatli district,2019,41870.0,31701.0,12993.0,426.0,32307.0,0.7465688249032685,1296.0039619896618,63.280052826528824,0.048827051986306824,1320.7785243367716,63.610380324490286,0.048161276968394236
Saatli district,2020,41877.0,31782.0,13838.0,263.0,32354.0,0.743549868168926,1294.3376398590592,63.25783519812079,0.04887274637629248,1317.6326222390032,63.56843496318671,0.04824443011677054
Saatli district,2021,41884.0,31941.0,15547.6,597.0,32464.0,0.7424845650704983,1290.167570231641,63.202234269755216,0.048987616591856874,1311.2926959080805,63.48390261210774,0.04841322064113583
Saatli district,2022,41892.0,32034.0,18642.7,168.0,32547.0,0.7339827732216845,1287.1232371647156,63.161643162196206,0.049071946911104745,1307.7355309983143,63.43647374664419,0.04850864126802253
Saatli district,2023,41899.0,32133.0,16586.0,223.0,32657.0,0.7367430620105383,1283.002112870135,63.10669483826847,0.0491867427225789,1303.9243145675784,63.385657527567716,0.04861145452954327
Saatli district,2024,41907.0,32892.0,18930.0,151.0,33274.0,0.7226348560427515,1259.45182424716,62.79269098996213,0.04985715990168707,1274.0788033564393,62.987717378085854,0.049437850478440355
Sabirabad district,2005,58698.0,36441.0,8550.0,2919.0,44757.0,0.7994265302663781,1311.4820028152021,63.48642670420269,0.04840815700705305,1610.7680908866387,67.47690787848852,0.04189113768782582
Sabirabad district,2008,69918.0,42946.0,15870.0,3092.0,51721.0,0.7994777256177377,1351.8300110206685,64.02440014694224,0.04736128035698961,1628.0445210264052,67.70726028035207,0.04158808890414486
Sabirabad district,2009,71270.0,45131.0,19216.0,3479.0,54187.0,0.7877171983099728,1315.2601177404174,63.53680156987223,0.04830740376970207,1579.1806075646452,67.05574143419527,0.042462363780926986
Sabirabad district,2010,75621.0,44623.0,15075.0,3166.0,53500.0,0.811138965222622,1413.4766355140187,64.84635514018692,0.045877203422329774,1694.6641866302132,70.59864358575786,0.04165937071352234
Sabirabad district,2011,80316.0,45440.0,22581.0,3166.0,54483.0,0.819923820809299,1474.1478993447497,65.65530532459667,0.04453780068728523,1767.5176056338028,74.83738796414852,0.0423403918159633
Sabirabad district,2012,84581.0,46352.0,23206.0,3127.0,55660.0,0.8280858834314642,1519.601149838304,66.26134866451072,0.043604434408042785,1824.7540559199172,78.16750870806791,0.04283728453951081
Sabirabad district,2013,88661.0,47113.0,23041.0,3055.3,56565.0,0.835904613484459,1567.4180146733845,66.89890686231179,0.04268096081328506,1881.879735953983,81.49118463732265,0.04330307781119299
Sabirabad district,2014,92877.0,47799.0,22419.0,3046.3,57377.0,0.8435337910676528,1618.714816041271,67.58286421388361,0.04175093941449444,1943.0741228896002,85.05158533175856,0.04377166281504277
Sabirabad district,2015,97771.0,48514.0,23252.0,2868.3,58199.0,0.8517860275554113,1679.9429543462945,69.74213552560259,0.041514585566830096,2015.315166755988,89.25470061125748,0.04428820964759023
Sabirabad district,2016,103719.0,49357.0,20033.0,3032.3,59188.0,0.860748479915366,1752.3653443265528,73.9558018517267,0.04220341499628805,2101.4040561622464,94.26350872216706,0.04485739353445367
Sabirabad district,2017,106852.0,51129.0,19342.0,3024.5,60171.0,0.8600997087995497,1775.8056206478204,75.31959974678227,0.04241432669827084,2089.851160789376,93.59134026410915,0.04478373485160443
Sabirabad district,2018,113994.0,55613.0,20141.0,2711.4,60927.0,0.8574608894392771,1870.993155743759,80.8577836069096,0.04321650421792535,2049.7725351986046,91.25949295700973,0.044521765898364665
Sabirabad district,2019,118812.0,57022.0,23872.0,2661.0,61331.0,0.8598139328044592,1937.225872723419,84.711323503908,0.04372816030214273,2083.6168496369824,93.2286167061517,0.044743646953322745
Sabirabad district,2020,118771.0,58923.0,22374.0,1931.0,61607.0,0.8559582343103359,1927.8815718992971,84.16765509232275,0.04365810448066218,2015.6984539144307,89.27700095502142,0.044290851531709995
Sabirabad district,2021,121761.0,60095.0,23062.0,1509.0,61874.0,0.8580969355924613,1967.8863496783786,86.4952057994693,0.04395335422373636,2026.141941925285,89.88462207565294,0.044362450732470686
Sabirabad district,2022,123523.0,61963.0,23752.6,1491.0,63813.0,0.8548942509020305,1935.7027564916239,84.62270583223993,0.04371678737783835,1993.4961186514533,87.9852287215391,0.0441361424776983
Sabirabad district,2023,124397.0,62035.0,21475.0,1466.0,63849.0,0.8571024595887694,1948.2998950649187,85.35563025832255,0.043810314045866355,2005.271217860885,88.67032540281512,0.044218619712401715
Sabirabad district,2024,126595.0,62341.0,21963.0,3396.0,63280.0,0.8542982603671402,2000.5530973451328,88.39581657280772,0.044185688792821774,2030.686065350251,90.14900743856006,0.044393374720386056
Salyan district,2005,32994.0,26382.0,11888.0,9353.0,28555.0,0.68804036251774,1155.4543862721064,61.40605848362809,0.053144511123234525,1250.6254264271095,62.67500568569479,0.050114929987270414
Salyan district,2008,40510.0,31033.0,17103.0,8106.0,33124.0,0.706871671801107,1222.9803163869099,62.30640421849213,0.050946367152143505,1305.3845905971064,63.405127874628086,0.04857199045503168
Salyan district,2009,40621.0,31163.0,18890.0,6383.0,33270.0,0.7120082166353873,1220.9498046287947,62.27933072838393,0.05100891985262139,1303.5009466354331,63.380012621805776,0.048622912614985685
Salyan district,2010,40000.0,31592.0,19229.0,4473.0,33678.0,0.7083444296605775,1187.7189856879863,61.836253142506486,0.052063033333333335,1266.1433274246644,62.88191103232886,0.04966413333333333
Salyan district,2011,42207.0,29915.0,21663.0,4557.0,32112.0,0.748209556078234,1314.3684603886397,63.52491280518186,0.04833112990736134,1410.8975430386095,64.81196724051479,0.04593669296562181
Salyan district,2012,42258.0,30361.0,21504.0,4189.0,32518.0,0.7446639420107461,1299.526416138754,63.32701888185005,0.04873084386388376,1391.8513882941932,64.55801851058925,0.04638283875242558
Salyan district,2013,44762.0,31176.0,21004.0,3036.7,32855.0,0.7600891820001465,1362.41059199513,64.16547455993506,0.04709701681485784,1435.7839363613036,65.14378581815072,0.04537158006046796
Salyan district,2014,44775.0,31650.0,22434.0,3078.7,33293.0,0.7544206581408267,1344.8773015348572,63.9316973537981,0.04753719709659408,1414.691943127962,64.86255924170617,0.045849246231155785
Salyan district,2015,45000.0,32014.0,20861.0,3524.4,33351.0,0.7502118639618499,1349.2848790141225,63.99046505352163,0.047425466666666666,1405.635034672331,64.74180046229775,0.04605875555555555
Salyan district,2016,45011.0,31995.0,19091.0,4509.6,33426.0,0.7465458660480391,1346.586489559026,63.95448652745368,0.04749378300119231,1406.813564619472,64.75751419492629,0.04603134048714018
Salyan district,2017,45857.0,31950.0,18079.0,4642.62,33292.0,0.7531184597017163,1377.4179983179142,64.36557331090552,0.04672915076578639,1435.2738654147104,65.13698487219614,0.04538296588670577
Salyan district,2018,49957.0,31994.0,19840.0,7580.55,33304.0,0.771710784131245,1500.0300264232524,66.00040035231004,0.04399938613874599,1561.4490216915672,66.8193202892209,0.042793148774612835
Salyan district,2019,50030.0,32205.0,22352.0,7199.0,33324.0,0.7709530413891129,1501.320369703517,66.01760492938023,0.04397302951562396,1553.485483620556,66.71313978160741,0.04294416683323339
Salyan district,2020,50487.0,32268.0,22249.0,3139.0,33329.0,0.7868849848537262,1514.806924900237,66.1974256653365,0.043700239665656504,1564.6150985496467,66.86153464732863,0.04273353536553964
Salyan district,2021,50606.0,32344.0,20925.0,5981.0,33331.0,0.7768847427333051,1518.2862800396028,66.2438170671947,0.0436306498570657,1564.617858026218,66.86157144034958,0.04273348351315391
Salyan district,2022,50749.0,32366.0,17689.0,5517.0,33279.0,0.7792641493894007,1524.9556777547402,66.3327423700632,0.04349814446261667,1567.9725638015202,66.90630085068693,0.042670581357924946
Salyan district,2023,50870.0,32447.0,16465.0,5634.0,33264.0,0.7789119059012879,1529.2809042809042,66.39041205707872,0.04341283008977131,1567.787468795266,66.90383291727022,0.04267404495118276
Salyan district,2024,50865.0,32933.0,17217.0,4870.0,33155.0,0.776557405043074,1534.1577439300256,66.45543658573368,0.04331721222844785,1544.4994382534237,66.59332584337898,0.04311644549297159
Samukh district,2005,11094.0,7416.0,2960.0,7221.0,8530.0,0.7844984779938472,1300.586166471278,63.341148886283705,0.048702001081665766,1495.9546925566342,65.94606256742179,0.04408292770867135
Samukh district,2008,13032.0,8516.0,7314.0,7048.0,9530.0,0.8026316273831756,1367.4711437565581,64.23294858342078,0.04697206875383671,1530.2959135744482,66.40394551432598,0.04339287906691223
Samukh district,2009,13106.0,8554.0,8568.0,7250.0,9582.0,0.8049278072604301,1367.7729075349614,64.23697210046615,0.046964647235362936,1532.1487023614684,66.42864936481958,0.04335652881631822
Samukh district,2010,13616.0,8793.0,7861.0,7226.0,9804.0,0.8050480100190414,1388.8208894328845,64.51761185910513,0.04645495495495496,1548.5044922097122,66.64672656279616,0.04303941441441441
Samukh district,2011,13685.0,8951.0,7727.0,7144.0,9901.0,0.8003895121671863,1382.1836178163821,64.42911490421842,0.046614005602240896,1528.8794548095184,66.38505939746025,0.04342072829131653
Samukh district,2012,13714.0,9018.0,7848.0,7154.0,10013.0,0.7986729815937844,1369.619494656946,64.26159326209262,0.046919303874386274,1520.7363051674429,66.27648406889924,0.04358183851052453
Samukh district,2013,14041.0,9144.0,7900.0,7018.9,10164.0,0.8013060458489516,1381.4443132624951,64.4192575101666,0.04663181634736368,1535.5424321959756,66.47389909594634,0.04329017401419651
Samukh district,2014,14099.0,9220.0,7880.0,7425.96,10247.0,0.7983739388695907,1375.914901922514,64.34553202563352,0.04676563349646547,1529.175704989154,66.38900939985538,0.043414899401848825
Samukh district,2015,16737.0,9346.0,7569.0,7022.0,10342.0,0.8396779392789613,1618.3523496422356,67.57803132856314,0.041757304176375694,1790.8196019687566,76.1931404781822,0.04254651914375879
Samukh district,2016,29014.0,11256.0,7612.0,13484.9,12078.0,0.8907651636924142,2402.218910415632,99.42223168452676,0.04138766506809521,2577.6474769012084,99.14424770557152,0.03846307479747409
Samukh district,2017,30413.0,10964.0,5893.0,18968.9,11750.0,0.8948098178418884,2588.340425531915,99.2000370027752,0.03832573027266658,2773.8963881794966,100.16815506876259,0.03611099372550926
Samukh district,2018,30785.0,11572.0,6509.0,1502.27,12377.0,0.910147715035369,2487.2747838733135,99.1792149032191,0.03987465138402283,2660.3007258900793,99.57548204812215,0.03743016008643397
Samukh district,2019,31359.0,11414.0,7074.0,1433.0,12222.0,0.9140307369647944,2565.7830142366224,99.08234616123455,0.03861680649199938,2747.4154547047488,100.02999367672042,0.03640876137077352
Samukh district,2020,31367.0,11075.0,8110.0,2457.0,11872.0,0.9156953704504937,2642.0990566037735,99.48051681706316,0.03765207688501208,2832.234762979684,100.47252919815487,0.035474647268453
Samukh district,2021,32547.0,10672.0,8542.5,2472.0,11470.0,0.9228148807116529,2837.576285963383,100.50039801372199,0.03541769026999082,3049.7563718140927,101.60742454859526,0.033316570952241636
Samukh district,2022,32657.0,10395.0,8361.5,1678.0,11131.0,0.9266926192812478,2933.878357739646,101.00284360559816,0.03442639103940696,3141.6065416065417,102.08664282577327,0.032495044008142605
Samukh district,2023,33207.0,10447.0,7720.1,1559.0,11178.0,0.9274643270565618,2970.7461084272677,101.19519708744662,0.034063899570677215,3178.615870584857,102.27973497696448,0.032177444252848734
Samukh district,2024,33708.0,10586.0,8071.3,1702.0,11215.0,0.9273177311338692,3005.6174765938476,101.37713466048965,0.03372922051790054,3184.205554505951,102.30889854524844,0.03213011747953008
Shabran district,2005,10819.0,9154.0,66.0,4355.0,10239.0,0.6156807170118799,1056.646156851255,60.0886154246834,0.05686730135255876,1181.887699366397,61.75850265821863,0.052254120836799464
Shabran district,2008,10889.0,10114.0,963.0,28666.0,11378.0,0.5671315219645835,957.0223237827386,58.76029765043651,0.06139908776441056,1076.6264583745303,60.35501944499374,0.05605938714911072
Shabran district,2009,11068.0,10156.0,962.0,31220.0,11404.0,0.567490189883195,970.5366538056822,58.940488717409096,0.06072979159137454,1089.7991335171328,60.53065511356177,0.0555429466329358
Shabran district,2010,11885.0,10442.0,846.0,31738.0,11711.0,0.5788646615363863,1014.8578259755785,59.53143767967438,0.05865987939980368,1138.1919172572304,61.17589223009641,0.05374831019492358
Shabran district,2011,12377.0,10599.0,672.0,31926.45,11892.0,0.5819523595428678,1040.7837201479986,59.87711626863998,0.057530796369610296,1167.7516746862912,61.57002232915055,0.052725269990035274
Shabran district,2012,12666.0,10699.0,689.0,32068.0,11976.0,0.5873670033030279,1057.6152304609218,60.10153640614563,0.056827411969051,1183.8489578465278,61.784652771287035,0.05218964156008211
Shabran district,2013,13063.0,10576.0,637.0,27671.06,11828.0,0.6088075066891994,1104.4132566790665,60.72551008905422,0.05498440889024981,1235.1550680786686,62.468734241048914,0.05057562070989308
Shabran district,2014,15478.0,10183.0,656.0,27854.68,11512.0,0.6902045266194144,1344.5100764419735,63.92680101922632,0.04754653917388121,1519.9842875380536,66.26645716717405,0.043596804065986136
Shabran district,2015,15485.0,10674.0,812.0,27212.66,12072.0,0.6782236946552487,1282.7203445990722,63.10293792798763,0.04919461844796039,1450.7213790519017,65.34295172069203,0.04504169626520289
Shabran district,2016,15541.0,10450.0,855.0,25229.64,11760.0,0.6931561077425525,1321.5136054421769,63.62018140589569,0.04814190421036828,1487.177033492823,65.82902711323764,0.044264418849065915
Shabran district,2017,14602.0,10479.0,828.0,3770.63,11770.0,0.7393777911719591,1240.6117247238742,62.541489662984986,0.05041181573300461,1393.4535738142952,64.5793809841906,0.046344838606583574
Shabran district,2018,15011.0,10587.0,647.0,3681.35,11900.0,0.7415084985539283,1261.4285714285713,62.819047619047616,0.04979992449981125,1417.8709738358364,64.90494631781115,0.04577634179379566
Shabran district,2019,15060.0,10724.0,686.0,26610.0,11933.0,0.6622316989548112,1262.046425877818,62.827285678370906,0.04978207171314741,1404.3267437523311,64.72435658336441,0.046089243027888444
Shabran district,2020,15167.0,10760.0,679.4,2960.0,11977.0,0.7459166754035355,1266.3438256658596,62.88458434221146,0.04965838113448056,1409.5724907063197,64.79429987608427,0.04596734137711259
Shabran district,2021,15252.0,10765.0,720.9,2916.0,11957.0,0.7491065625953058,1275.5707953500041,63.00761060466672,0.049395620246525045,1416.8137482582442,64.8908499767766,0.04580055074744296
Shabran district,2022,15216.0,10694.0,747.5,33793.0,11746.0,0.6575969911930711,1295.4197173505875,63.27226289800783,0.04884305993690852,1422.8539367869835,64.97138582382645,0.04566272344900106
Shabran district,2023,15061.0,10694.0,1032.4,34184.0,11725.0,0.6616548161225257,1284.5202558635394,63.12693674484719,0.04914436845716309,1408.3598279409014,64.77813103921201,0.045995440763118865
Shabran district,2024,15108.0,10293.0,992.7,3124.0,11214.0,0.7658045694764289,1347.2445157838417,63.963260210451224,0.04747709822610537,1467.7936461672982,65.57058194889731,0.04467288853587503
Shaki district,2005,35733.0,24116.0,1857.0,4038.0,30668.0,0.7642968052478905,1165.1558627885745,61.53541150384766,0.05281302997229452,1481.7133853043622,65.75617847072483,0.04437847367979179
Shaki district,2008,47273.0,29260.0,7780.0,4166.0,35450.0,0.7945680858679364,1333.5119887165022,63.780159849553364,0.04782871124461462,1615.6185919343814,67.54158122579176,0.04180539984064195
Shaki district,2009,47602.0,30408.0,9487.0,4166.0,36917.0,0.7847631101133715,1289.4330525232278,63.1924407003097,0.04900792683780794,1565.4433043935805,66.8725773919144,0.04271798103721132
Shaki district,2010,49823.0,31364.0,7598.0,6805.0,37896.0,0.779749218967075,1314.729786784885,63.529730490465134,0.04832151148398664,1588.5410024231603,67.18054669897548,0.04229072249095131
Shaki district,2011,50222.0,32134.0,8647.0,6806.0,38694.0,0.7745710470246784,1297.9273272341966,63.30569769645595,0.048774454754224573,1562.8928860397086,66.83857181386279,0.04276593259262209
Shaki district,2012,54294.0,32393.0,7753.0,6923.0,38984.0,0.7959763608931449,1392.7252206033245,64.56966960804432,0.04636210262644123,1676.102861729386,69.51871195516428,0.04147639953519056
Shaki district,2013,55789.0,32571.0,6755.0,6968.0,39124.0,0.8022434060022465,1425.9533790001021,65.01271172000136,0.04559245251453393,1712.842712842713,71.65630329266693,0.04183472466876005
Shaki district,2014,57508.0,30160.0,6858.0,6863.5,36305.0,0.8309255152556771,1584.0242390855253,67.120323187807,0.04237329299112007,1906.763925729443,82.93899204244032,0.0434972525561661
Shaki district,2015,55692.0,29618.0,7228.0,6747.0,35496.0,0.8277924360665472,1568.9655172413793,66.91954022988506,0.04265201465201465,1880.3430346410967,81.40177656093653,0.043290918232094695
Shaki district,2016,56845.0,29819.0,6387.0,632.0,35696.0,0.8533995584976757,1592.4753473778574,67.23300463170477,0.04221918081332278,1906.3348871524868,82.91402979796287,0.043493947656706035
Shaki district,2017,58261.0,30029.0,5583.0,7157.0,35921.0,0.8342266791082628,1621.9203251579856,67.6256043354398,0.04169477580771585,1940.1578474141663,84.88191112227877,0.043750002730658745
Shaki district,2018,58973.0,30605.0,5001.0,527.67,35944.0,0.8568765432090216,1640.6910750055642,67.87588100007419,0.04137029940255145,1926.9073680771116,84.11097414266831,0.04365076159660122
Shaki district,2019,59121.0,30954.0,4644.0,1433.0,35648.0,0.8506423799174324,1658.4661131059247,68.49257385343562,0.041298747868393174,1909.963171157201,83.12512995823715,0.043521849642720406
Shaki district,2020,60678.0,30478.0,4042.0,1481.0,34914.0,0.8590816866319159,1737.927478948273,73.11578059335406,0.04207067410983163,1990.8786665791717,87.83294060096999,0.04411767631821028
Shaki district,2021,61638.0,29275.0,4120.0,11318.0,32721.0,0.8440572403214099,1883.7443843403319,81.59967327071021,0.043317805721971976,2105.482493595218,94.50079962735813,0.044883203690757476
Shaki district,2022,54558.0,28500.0,4149.0,11838.0,31935.0,0.8198262893020021,1708.4077031470174,71.39826636491738,0.04179228777381202,1914.3157894736842,83.37837320574162,0.043555182308069144
Shaki district,2023,53731.0,25872.0,4360.2,12341.0,28375.0,0.8388822704499017,1893.603524229075,82.17329595514619,0.04339519593395382,2076.8011750154606,92.83206836453589,0.044699545378408596
Shaki district,2024,53282.0,25560.0,4396.5,13774.0,27628.0,0.8374464556898968,1928.5507456203852,84.20658883609514,0.04366314395787764,2084.585289514867,93.2849622990468,0.04474988995089592
Shamakhi district,2008,20671.0,18788.0,35.0,1151.0,19199.0,0.6523249635655565,1076.6706599302047,60.355608799069394,0.056057633076935474,1100.2235469448585,60.669647292598114,0.055143018399367874
Shamakhi district,2009,20878.0,18856.0,96.0,1151.0,19250.0,0.6630722129769427,1084.5714285714287,60.460952380952385,0.055746399719002464,1107.233771743742,60.763116956583225,0.054878308905706163
Shamakhi district,2010,20880.0,18901.0,117.0,1391.0,19312.0,0.6590397911258074,1081.1930405965204,60.41590720795361,0.055878927203065136,1104.703454843659,60.72937939791545,0.054973467432950195
Shamakhi district,2011,21074.0,19126.0,117.0,1692.0,19544.0,0.6533390366007825,1078.2848956201392,60.37713194160185,0.05599367308848185,1101.8508836139288,60.69134511485238,0.05508126917845054
Shamakhi district,2012,22358.0,19336.0,147.0,1592.0,19759.0,0.6760777549870958,1131.5349967103598,61.08713328947147,0.05398607508125355,1156.2887877534133,61.41718383671218,0.05311578256850643
Shamakhi district,2013,22674.0,19652.0,328.0,1592.0,19971.0,0.6816385437991925,1135.346252065495,61.13795002753994,0.05384960747993296,1153.775697130063,61.38367596173418,0.053202434506483195
Shamakhi district,2014,23011.0,19733.0,431.0,1023.0,20055.0,0.6967340164421457,1147.3946646721515,61.29859552896202,0.053424159459968416,1166.117670906603,61.54823561208804,0.05278046731273449
Shamakhi district,2015,23146.0,19797.0,364.0,1142.4,20115.0,0.6948202127528085,1150.6835694755157,61.342447593006874,0.05330957112820069,1169.1670455119463,61.58889394015928,0.05267758287969123
Shamakhi district,2016,23261.0,19900.0,399.0,2152.46,20155.0,0.6809401242601545,1154.1056809724635,61.38807574629951,0.053191035065846985,1168.894472361809,61.585259631490786,0.052686757519739766
Shamakhi district,2017,20319.0,13339.0,485.0,2162.46,13602.0,0.7732849918217732,1493.8244375827085,65.91765916776944,0.04412677789261282,1523.2776070170178,66.31036809356024,0.043531374575520455
Shamakhi district,2018,21796.0,13298.0,450.0,15962.46,13584.0,0.7339774177362987,1604.5347467608951,67.39379662347861,0.04200207989233499,1639.0434651827343,67.85391286910313,0.041398482902061544
Shamakhi district,2019,29483.0,14340.0,722.0,19282.0,14631.0,0.8083771546425736,2015.1049142232246,89.24246773662398,0.04428676001270378,2055.9972105997213,91.62165588943833,0.0445631226623663
Shamakhi district,2020,33256.0,14434.0,806.0,19313.0,14720.0,0.8389024738794139,2259.2391304347825,99.8307453416149,0.04418777277569676,2304.004433975336,99.70284447435618,0.0432737207464174
Shamakhi district,2021,37477.0,13955.0,564.0,19353.0,14285.0,0.8667438133549487,2623.521176058803,99.38358874465463,0.03788175588273852,2685.5607309208167,99.7072733787173,0.03712717133175014
Shamakhi district,2022,44013.0,15168.0,695.5,19566.0,15502.0,0.8816053450616118,2839.1820410269643,100.50877586622764,0.03540060989885399,2901.7009493670885,100.83496147495872,0.03475029413246481
Shamakhi district,2023,48243.0,13851.0,843.8,19464.0,14112.0,0.906881279686782,3418.579931972789,103.53172138420585,0.030285008232778084,3482.9976175005413,103.86781365652456,0.02982138521560686
Shamakhi district,2024,49123.0,13162.0,939.4,18933.0,13424.0,0.9149050850487536,3659.3414779499403,104.78786858060839,0.028635717440426825,3732.1835587296764,105.16791421945918,0.0281786553540403
Shamkir district,2005,33425.0,25389.0,5093.0,765.0,26303.0,0.7502665474849507,1270.7675930502223,62.9435679073363,0.04953192720019945,1316.5150261924455,63.55353368256594,0.04827406631762653
Shamkir district,2008,36770.0,26856.0,9704.0,6466.0,27893.0,0.7309587783038012,1318.251891155487,63.57669188207316,0.048228030096999365,1369.1540065534703,64.25538675404627,0.046930722509292
Shamkir district,2009,38619.0,27131.0,9034.0,7612.0,28018.0,0.7406172384902511,1378.363908915697,64.3781854522093,0.04670623268339418,1423.42707603848,64.97902768051307,0.04564970610321344
Shamkir district,2010,45027.0,27814.0,10090.0,3301.0,28562.0,0.7991085501924895,1576.465233527064,67.01953644702752,0.042512536922291067,1618.8610052491551,67.58481340332207,0.04174837319830325
Shamkir district,2011,46962.0,28012.0,10092.0,3318.5,28655.0,0.8089881081151974,1638.8762868609317,67.85168382481243,0.04140134576891955,1676.4957875196344,69.54157309205145,0.04148031483868969
Shamkir district,2012,47293.0,28341.0,10098.0,3462.0,28904.0,0.8070008905488318,1636.20952117354,67.81612694898054,0.04144709224057119,1668.7131717300024,69.08876635520014,0.04140242165379077
Shamkir district,2013,48769.0,28565.0,9998.0,8460.0,29132.0,0.7975792190522805,1674.06975147604,69.40042190406051,0.041456111277842295,1707.299142307019,71.33376827968111,0.041781645941255524
Shamkir district,2014,51450.0,28636.0,9372.0,6071.2,29190.0,0.8182065113916942,1762.589928057554,74.5506867233486,0.0422961038961039,1796.689481771197,76.53466075759692,0.04259760049474335
Shamkir district,2015,54608.0,28627.0,9822.0,5407.0,29202.0,0.8351816560938937,1870.0089034997602,80.80051802180424,0.04320862744053486,1907.5697767841548,82.98587792198718,0.04350345603707748
Shamkir district,2016,56355.0,28703.0,9771.0,7329.0,29295.0,0.8372545734713474,1923.7071172555043,83.92477773122934,0.04362658794492705,1963.383618437097,86.23322870906748,0.043920723336640294
Shamkir district,2017,58159.0,28729.0,9777.0,4625.7,29328.0,0.8506534803283871,1983.0537370430986,87.37767197341665,0.04406218063646837,2024.4004316196178,89.78329783968685,0.04435056248622507
Shamkir district,2018,59438.0,27780.0,9882.0,7020.0,28303.0,0.8567827613777372,2100.0600643041375,94.18531283224073,0.044848866198238656,2139.5968322534195,96.48563387656259,0.04509524057153519
Shamkir district,2019,51109.0,27260.0,9882.0,3542.0,27668.0,0.837073962432478,1847.2242301575827,79.47486430007754,0.04302393992162917,1874.8716067498167,81.08343893817116,0.043247462197549276
Shamkir district,2020,52234.0,27377.0,10374.5,2153.0,27827.0,0.846163243488956,1877.0977827290042,81.21296190423297,0.043265173850539705,1907.9519304525697,83.00811231724042,0.043506396042981406
Shamkir district,2021,53435.0,27356.0,10603.0,2348.0,27855.0,0.8504822429480932,1918.3270507987793,83.61175568283807,0.043585766904565434,1953.3191987132623,85.64766247058981,0.043847243464872364
Shamkir district,2022,54504.0,27401.0,10915.0,3113.0,27917.0,0.8516532568742566,1952.358777805638,85.5917834359644,0.0438401918791615,1989.1244845078647,87.7308790986394,0.04410527334107255
Shamkir district,2023,55673.0,27482.0,10769.0,2958.0,27965.0,0.8559045626352944,1990.8099409976758,87.82894202168295,0.044117190804094694,2025.7987046066517,89.864651904387,0.04436010927444836
Shamkir district,2024,56953.0,27947.0,11529.0,1881.0,28235.0,0.8605984594926822,2017.1064281919603,89.35891945844132,0.044300547660511135,2037.893154900347,90.56832901238383,0.04444213809472883
Shusha district,2005,881.0,1055.0,362.0,250.0,1100.0,0.7535552088356409,800.9090909090909,71.87272727272727,0.08973893303064699,835.0710900473933,67.09004739336493,0.0803405221339387
Shusha district,2008,898.0,1182.0,515.0,250.0,1223.0,0.7217076981464303,734.2600163532297,66.74080130825838,0.09089532293986637,759.7292724196277,68.77834179357022,0.09053006681514476
Shusha district,2009,903.0,1288.0,613.0,250.0,1335.0,0.6879624415605488,676.4044943820224,62.11235955056179,0.09182724252491693,701.0869565217391,64.08695652173913,0.0914108527131783
Shusha district,2010,1162.0,1746.0,776.0,250.0,1763.0,0.6376461526843301,659.103800340329,60.72830402722632,0.09213769363166953,665.5211912943872,61.241695303550976,0.09202065404475043
Siyazan district,2005,7714.0,4458.0,39.0,1012.0,4974.0,0.7882683053845425,1550.864495375955,66.6781932716794,0.04299420966208625,1730.3723642889188,72.67621028590074,0.042000329978551396
Siyazan district,2008,8048.0,4542.0,65.0,1032.0,5130.0,0.807548889418766,1568.8109161793373,66.91747888239117,0.042654903909874094,1771.9066490532805,75.09275049037268,0.04237963130309055
Siyazan district,2009,8023.0,4806.0,6.0,572.0,5325.0,0.7368855259319624,1506.6666666666667,66.08888888888889,0.043864306784660766,1669.371618809821,69.1270760034805,0.041409039919322856
Siyazan district,2010,9557.0,5007.0,22.0,572.0,5446.0,0.8134322935833392,1754.8659566654426,74.1012920241712,0.042226183568445784,1908.727781106451,83.05325271892079,0.04351236123926299
Siyazan district,2011,9842.0,5388.0,28.0,547.0,5791.0,0.8070346205473373,1699.5337592816438,70.88196417638655,0.04170671149618517,1826.6518188567186,78.27792400620908,0.0428532264321738
Siyazan district,2012,10426.0,5394.0,100.0,547.0,5819.0,0.8446615498385748,1791.7167898264306,76.24534049899233,0.0425543483947474,1932.8883945124212,84.45896113526814,0.043695725720663374
Siyazan district,2013,10766.0,5489.0,221.0,522.0,5901.0,0.8595149147370897,1824.4365361803084,78.14903483230886,0.04283461402056981,1961.3773000546548,86.11649745772537,0.043906135477006746
Siyazan district,2014,11167.0,5607.0,306.0,522.0,5945.0,0.8662050679111042,1878.3851976450799,81.28786604480464,0.04327539747795859,1991.617620831104,87.87593430290059,0.04412289456759771
Siyazan district,2015,12199.0,5984.0,203.0,522.0,6272.0,0.8643427169133375,1944.9936224489795,85.16326530612244,0.04378588408885974,2038.6029411764705,90.6096256684492,0.04444692187884253
Siyazan district,2016,12287.0,5978.0,309.0,522.0,6279.0,0.8707697865458833,1956.8402611880872,85.85252428730689,0.04387303654268739,2055.3696888591503,91.58514553362329,0.04455896475950191
Siyazan district,2017,12338.0,6002.0,335.0,692.1,6245.0,0.8695368092505387,1975.6605284227383,86.9475216536866,0.044009342902194264,2055.6481172942354,91.60134500621005,0.044560809914676015
Siyazan district,2018,12373.0,6145.0,377.0,692.0,6374.0,0.8667429447247524,1941.1672419203012,84.94063952990844,0.043757507182060645,2013.506916192026,89.14949330571787,0.044275732349764514
Siyazan district,2019,13445.0,6520.0,466.0,720.0,6744.0,0.8719588706885087,1993.6239620403321,87.9926668823466,0.04413704317252104,2062.116564417178,91.9776910206358,0.04460353629264004
Siyazan district,2020,13450.0,6797.0,468.0,680.0,7036.0,0.8642132340480578,1911.597498578738,83.22021809912657,0.043534383237580264,1978.814182727674,87.13100699506467,0.04403192970598176
Siyazan district,2021,14002.0,6701.0,422.0,949.0,6943.0,0.870422764608538,2016.7074751548323,89.33570764537205,0.044297801612756614,2089.538874794807,93.5731708971524,0.04478173247977562
Siyazan district,2022,14102.0,6304.0,483.0,1337.0,6496.0,0.8811841892853647,2170.8743842364534,98.30541871921183,0.04528378953339952,2236.992385786802,99.89430746918056,0.04465563142006199
Siyazan district,2023,13804.0,6148.0,419.0,1359.0,6377.0,0.8804995460608422,2164.654226125137,97.94351861091707,0.04524672690392771,2245.2830188679245,99.87061994609165,0.04448019207683074
Siyazan district,2024,13692.0,5930.0,402.0,1244.0,6233.0,0.8857424253712564,2196.695010428365,99.80770969765032,0.045435396913924515,2308.93760539629,99.68874969886774,0.04317515963440591
Tartar district,2005,10430.0,9537.0,4038.0,1481.0,9873.0,0.7024146997978643,1056.4164894155779,60.085553192207705,0.05687676573985299,1093.6353150886023,60.58180420118136,0.055394886545222115
Tartar district,2008,10850.0,10610.0,8544.0,1481.0,10805.0,0.6823164280725499,1004.164738546969,59.38886318062625,0.05914254992319508,1022.6201696512724,59.6349355953503,0.058315821812596
Tartar district,2009,11280.0,10834.0,7880.0,1435.0,11039.0,0.6871741003892385,1021.8316876528671,59.62442250203823,0.058350531914893616,1041.1666974340042,59.88222263245339,0.0575145390070922
Tartar district,2010,12030.0,10933.0,9923.0,1197.0,11136.0,0.713045136854732,1080.280172413793,60.40373563218391,0.05591487946799668,1100.3384249519802,60.67117899935974,0.055138653366583544
Tartar district,2011,12367.0,11178.0,10182.0,1360.7,11332.0,0.7125769121166188,1091.3342746205435,60.55112366160725,0.05548357187137813,1106.3696546788335,60.75159539571778,0.054910757122449534
Tartar district,2012,13831.0,11387.0,8755.0,3266.0,11505.0,0.7299175724115973,1202.1729682746632,62.02897291032884,0.05159737787096618,1214.63071924124,62.19507625654987,0.051204926132118675
Tartar district,2013,14258.0,11600.0,8985.0,3250.0,11715.0,0.7336854900783976,1217.0721297481862,62.22762839664248,0.05112895684294197,1229.1379310344828,62.38850574712644,0.050757937064571934
Tartar district,2014,14594.0,11655.0,10866.0,3217.0,11757.0,0.7430235004588822,1241.3030535000426,62.55070738000057,0.050391165319080895,1252.1664521664522,62.6955526955527,0.050069663331962916
Tartar district,2015,17742.0,11783.0,11485.0,3146.0,11867.0,0.8030770497433095,1495.070363192045,65.93427150922727,0.04410111599594183,1505.7285920393788,66.07638122719172,0.043883327696990194
Tartar district,2016,20127.0,11857.0,9944.0,2445.9,11946.0,0.8360054301945182,1684.8317428427927,70.02657412903521,0.041562948007425576,1697.478282870878,70.76237282157835,0.04168676178990682
Tartar district,2017,21630.0,11938.0,8294.0,2218.4,12022.0,0.8499432432107393,1799.2014639826984,76.68081244990245,0.042619358634892614,1811.8612832970348,77.41738375546385,0.04272809649897029
Tartar district,2018,22127.0,12079.0,7264.0,1575.6,12156.0,0.8538950714168281,1820.2533728200067,77.90565078225494,0.04279934428115384,1831.8569417998178,78.5807675228985,0.04289678180092606
Tartar district,2019,22441.0,12471.0,7541.0,1899.0,12535.0,0.8478820435034127,1790.2672516952532,76.16100373499656,0.04254169519264658,1799.4547349851655,76.69554821731872,0.042621549031602056
Tartar district,2020,22065.0,12362.0,8110.5,1886.0,12439.0,0.8469726161722463,1773.8564193263123,75.20619166989454,0.04239700059740848,1784.9053551205307,75.84903884337633,0.042494711904909055
Tartar district,2021,22419.0,12680.0,9026.2,1277.0,12715.0,0.8479024830275695,1763.1930790405033,74.58577914417474,0.04230153806227672,1768.0599369085173,74.86894178376828,0.04234525098435175
Tartar district,2022,23499.0,13142.0,9515.4,2156.0,13220.0,0.8453988427580751,1777.534039334342,75.42016228854354,0.0424296585154494,1788.084005478618,76.03397850057415,0.04252259864056111
Tartar district,2023,24231.0,13872.0,9362.2,1806.0,13928.0,0.8400037961949605,1739.7329121194716,73.22082397786016,0.042087393684273715,1746.7560553633218,73.62944322113873,0.0421521041790944
Tartar district,2024,24993.0,13613.0,9080.5,1627.0,13684.0,0.8521627513396424,1826.4396375328852,78.26557891100423,0.04285144567751698,1835.9656210974804,78.8198179547625,0.04293098794935309
Tovuz district,2005,22830.0,15340.0,205.0,1156.0,15986.0,0.7708889753782904,1428.124609032904,65.04166145377205,0.04554340779675865,1488.2659713168189,65.84354628422425,0.04424178712220762
Tovuz district,2008,25532.0,16671.0,2683.0,1156.0,17330.0,0.7982138477504955,1473.2833237160992,65.64377764954799,0.0445561125907358,1531.521804330874,66.42029072441166,0.0433688182150504
Tovuz district,2009,25839.0,16755.0,2833.0,1342.0,17416.0,0.7987873477332285,1483.6357372531006,65.78180983004134,0.0443382483842254,1542.1665174574755,66.56222023276634,0.043161500058051784
Tovuz district,2010,27350.0,16736.0,4095.0,524.0,17420.0,0.8232874973982198,1570.0344431687715,66.93379257558362,0.042632053625837905,1634.2017208413001,67.789356277884,0.04148163315051797
Tovuz district,2011,28225.0,16903.0,4351.0,524.0,17587.0,0.8287303638296775,1604.8786035139592,67.39838138018612,0.041995937407735454,1669.821925102053,69.15327564230127,0.04141356308881553
Tovuz district,2012,29512.0,17068.0,3872.0,524.0,17752.0,0.8367451968782205,1662.4605678233438,68.72497849154,0.041339313437985165,1729.0836653386455,72.60123143788482,0.04198826979472141
Tovuz district,2013,31421.0,17108.0,4227.0,2549.0,17811.0,0.838772514153582,1764.1345236090058,74.64055410088761,0.042310012701406996,1836.626139817629,78.85824813484388,0.04293647271222777
Tovuz district,2014,31786.0,17196.0,4274.0,258.0,17868.0,0.8524399474585103,1778.9344078800088,75.50163827665506,0.04244205853920822,1848.4531286345662,79.5463638478293,0.043034017263174754
Tovuz district,2015,32453.0,17360.0,4672.0,287.0,18010.0,0.8547633721192637,1801.9433647973349,76.84034122457221,0.04264303902426727,1869.4124423963133,80.76581483033095,0.04320385004327937
Tovuz district,2016,33300.0,17450.0,4675.0,259.0,18102.0,0.858765240451908,1839.5757374875704,79.02986109018592,0.04296091728091728,1908.3094555873924,83.0289137796301,0.0435091455091455
Tovuz district,2017,33365.0,17582.0,3294.0,230.0,18156.0,0.8572894785918713,1837.68451200705,78.91982615313745,0.04294525291881803,1897.679444886816,82.41044042977839,0.04342695530155444
Tovuz district,2018,33596.0,17693.0,3609.0,230.0,18258.0,0.8573725275829758,1840.0701062547923,79.05862436391519,0.042965006656636606,1898.8300457808173,82.47738448179301,0.04343589604823085
Tovuz district,2019,37232.0,17779.0,3700.0,470.0,18373.0,0.8749196115942807,2026.4518587057094,89.9026535974231,0.04436456420674298,2094.1560267731593,93.84180519407472,0.044811276712114705
Tovuz district,2020,38134.0,17801.0,3416.0,471.0,18402.0,0.8785553628522331,2072.274752744267,92.56871288693918,0.044670096358773136,2142.2392000449413,96.6393716389784,0.04511138235027678
Tovuz district,2021,38668.0,17379.0,3325.0,410.0,17962.0,0.8848632451664423,2152.766952455183,97.25189541557428,0.04517530116516358,2224.9841763047357,99.92861663912933,0.04491205721970178
Tovuz district,2022,38739.0,17476.0,3330.0,687.0,18020.0,0.8830143380672224,2149.778024417314,97.07799414791646,0.04515721765005433,2216.69718471046,99.95229375797011,0.04509063955482293
Tovuz district,2023,38889.0,16858.0,3061.0,677.0,17347.0,0.8890784651004573,2241.8285582521476,99.88048983356529,0.04455313474614562,2306.857278443469,99.69469349016151,0.043216671625836166
Tovuz district,2024,37431.0,14518.0,3023.5,537.0,14982.0,0.904975404140576,2498.3980776932317,99.14743406373363,0.03968440215711195,2578.2476925196306,99.14737926531981,0.03845533520808723
Ujar district,2005,23447.0,16938.0,7837.0,883.0,26353.0,0.7741481897528902,889.7279247144537,59.43809053997648,0.06680479379025037,1384.2838587790766,64.45711811705435,0.04656351203423323
Ujar district,2008,29055.0,18997.0,10805.0,740.0,28888.0,0.8032251689063612,1005.7809471060648,59.41041262808086,0.059068938220616075,1529.4520187398011,66.39269358319734,0.04340946480812253
Ujar district,2009,29593.0,21078.0,11222.0,991.0,31543.0,0.7726976202607344,938.1796278096566,58.509061704128754,0.062364455558183804,1403.9757092703292,64.71967612360439,0.04609743295148627
Ujar district,2010,34006.0,21675.0,11541.0,132.0,32492.0,0.8033000537245072,1046.5960851902007,59.954614469202674,0.05728534180242702,1568.9042675893886,66.91872356785852,0.0426531592464075
Ujar district,2011,34657.0,21873.0,11725.0,132.0,32794.0,0.8058315194849789,1056.809172409587,60.09078896546116,0.05686058612497716,1584.4648653591184,67.12619820478825,0.04236521722403363
Ujar district,2012,37426.0,21917.0,11685.0,132.0,32945.0,0.8259019484355582,1136.0145697374412,61.14686092983255,0.05382577174513262,1707.6242186430625,71.35268181196,0.04178476800279825
Ujar district,2013,38355.0,21964.0,11994.0,132.0,33109.0,0.8313290032766646,1158.4463438944094,61.44595125192546,0.05304168947985921,1746.2666181023494,73.60096687140943,0.0421476114291132
Ujar district,2014,38359.0,21972.0,12056.0,132.0,33127.0,0.8312381813328715,1157.9376339541764,61.43916845272235,0.05305913431876048,1745.8128527216456,73.57456597653211,0.04214344387591865
Ujar district,2015,38781.0,21976.0,13865.0,252.0,33152.0,0.8368558157501014,1169.7936776061777,61.597249034749034,0.05265650705242258,1764.6978522024026,74.67332958268524,0.04231507931484724
Ujar district,2016,38788.0,22223.0,12395.0,475.0,33182.0,0.8352713940314632,1168.9470194683865,61.585960259578485,0.052684988484410986,1745.3989110381137,73.55048209676298,0.04213964018862441
Ujar district,2017,38793.0,22687.0,10241.0,365.0,33209.0,0.8301916323207101,1168.147189015026,61.57529585353368,0.05271193256515351,1709.921981751664,71.48636984736953,0.041806802070664104
Ujar district,2018,62269.0,23078.0,9761.0,375.0,33217.0,0.9073472201567374,1874.61239726646,81.0683576591395,0.04324539716975761,2698.1974174538523,99.77320391715054,0.036977725674091445
Ujar district,2019,64181.0,24094.0,9496.0,221.0,33238.0,0.9051504379323526,1930.9525242192672,84.34632868184826,0.043681202734879056,2663.7752137461607,99.59360981084953,0.03738814345028293
Ujar district,2020,68873.0,26946.0,10095.0,221.0,33286.0,0.8995033793556685,2069.128161990026,92.38563851578333,0.04464954864223083,2555.9637794106734,99.0311153708383,0.038745116878640525
Ujar district,2021,69563.0,31107.0,9310.0,221.0,33305.0,0.8804892529619197,2088.6653655607265,93.52234854171499,0.0447761283754556,2236.249075770727,99.89643121208364,0.04467142425879111
Ujar district,2022,66424.0,31800.0,9177.0,221.0,33334.0,0.8690089077373973,1992.6801463970721,87.93775397219329,0.04413039098682842,2088.805031446541,93.53047455688966,0.04477702473366692
Ujar district,2023,67194.0,28048.0,9188.0,137.0,29111.0,0.8896641293910844,2308.199649616983,99.69085814395147,0.043189876647149614,2395.678836280662,99.44091761062668,0.04150845100965648
Ujar district,2024,62201.0,25909.0,8925.0,137.0,26931.0,0.8905062206368972,2309.6431621551374,99.6867338224139,0.04316109754781159,2400.748774557104,99.42643207269398,0.041414759064507464
Yardimli district,2017,17091.0,14424.0,2.0,1864.78,14497.0,0.6052393549640257,1178.9335724632683,61.719114299510245,0.0523516470657071,1184.9001663893512,61.79866888519135,0.05215516938739687
Yardimli district,2018,23887.0,14600.0,9.0,1939.68,14666.0,0.7512694205130142,1628.7331242329196,67.71644165643893,0.04157614322992981,1636.0958904109589,67.81461187214612,0.041449044808194134
Yardimli district,2020,24373.0,14768.0,3.0,1035.0,14832.0,0.7605777701103897,1643.2713052858685,67.91028407047824,0.0413262763440419,1650.3927410617553,68.02285038904758,0.04121615946110264
Yevlakh district,2005,26612.0,22696.0,8807.0,1320.0,36504.0,0.704100265345561,729.0159982467675,66.3212798597414,0.09097369607695777,1172.5414169897779,61.63388555986371,0.05256435693171001
Yevlakh district,2008,29407.0,22552.0,17419.0,6623.0,35158.0,0.7182287473984753,836.4241424426873,66.90062005802378,0.07998408542183834,1303.9641716920894,63.386188955894525,0.04861037621428004
Yevlakh district,2009,29496.0,24151.0,13519.0,4772.0,35164.0,0.6980471031581937,838.8124217950176,66.56626094869753,0.079357743422837,1221.3158875408885,62.284211833878516,0.05099762679685381
Yevlakh district,2010,32408.0,20317.0,18587.0,4681.0,29923.0,0.7967645741677006,1083.0464859806837,60.440619813075784,0.05580611783098824,1595.1173893783532,67.26823185837804,0.04217133629556488
Yevlakh district,2011,34912.0,20360.0,17611.0,4685.85,29954.0,0.8168296453320548,1165.5204647125593,61.54027286283412,0.05280067980446074,1714.7347740667976,71.7663868547955,0.04185276226981085
Yevlakh district,2012,35580.0,20387.0,16029.0,4686.0,29973.0,0.8210509181041027,1187.068361525373,61.82757815367164,0.05208426082068578,1745.2298033060283,73.54064310144165,0.042138085747866524
Yevlakh district,2013,36276.0,20584.0,14899.0,4685.85,29985.0,0.8230489866522838,1209.8049024512256,62.13073203268301,0.05135599294299261,1762.3396813058687,74.53612691234144,0.04229384817409958
Yevlakh district,2014,36512.0,20693.0,18819.0,4828.0,30110.0,0.8237460399778315,1212.62039189638,62.16827189195173,0.051267711072158925,1764.4614120717151,74.6595730659907,0.04231295315114334
Yevlakh district,2015,36534.0,19196.0,21193.0,4828.0,27834.0,0.8443118876186757,1312.5673636559604,63.500898182079474,0.048379153665079104,1903.2090018753906,82.73216010911364,0.04346982387514495
Yevlakh district,2016,36547.0,25109.0,17284.0,5544.0,28257.0,0.7585679184397168,1293.378631843437,63.24504842457916,0.04889909796517726,1455.5338723166992,65.407118297556,0.04493685756240823
Yevlakh district,2017,36560.0,25253.0,15493.0,5544.0,28395.0,0.7563232246919835,1287.5506251100546,63.167341668134064,0.04906008388037929,1447.7487823228923,65.30331709763857,0.04510680160466813
Yevlakh district,2018,36574.0,25256.0,15612.0,6633.0,28418.0,0.7526244210500055,1287.0011964248013,63.16001595233068,0.049075335848781466,1448.1311371555273,65.3084151620737,0.045098412351214895
Yevlakh district,2019,37187.0,24922.0,16167.0,1820.0,28427.0,0.7832739363343374,1308.1577373623668,63.44210316483156,0.04849728847894874,1492.1354626434475,65.89513950191264,0.04416163354577317
Yevlakh district,2020,37243.0,25005.0,16442.5,1832.0,28450.0,0.7825608468465379,1309.0685413005272,63.45424721734036,0.048472822633336014,1489.4221155768846,65.85896154102512,0.04421779484287875
Yevlakh district,2021,37352.0,26493.0,16580.0,2033.0,30461.0,0.7623450208515878,1226.223695873412,62.34964927831216,0.05084688013136288,1409.881855584494,64.79842474112658,0.04596018062397372
Yevlakh district,2022,38062.0,26423.0,16580.0,2009.0,30586.0,0.7696862406623719,1244.425554175113,62.59234072233484,0.050298180162191515,1440.487454111948,65.2064993881593,0.0452669679295185
Yevlakh district,2023,38193.0,28491.0,16600.0,3015.0,32613.0,0.7381094665017537,1171.0974151412013,61.614632201882685,0.052612730081428534,1340.52858797515,63.87371450633533,0.04764815542115047
Yevlakh district,2024,38335.0,29747.0,16630.0,3209.0,33240.0,0.7220464171453017,1153.2791817087846,61.37705575611713,0.05321959914786314,1288.7013816519313,63.182685088692416,0.04902818138341811
Zagatala district,2005,36862.0,22667.0,6546.0,55034.0,27613.0,0.7181299394461761,1334.950928910296,63.79934571880395,0.04779152876494312,1626.2407905766092,67.68321054102145,0.04161942741395837
Zagatala district,2008,38516.0,24344.0,7062.0,55034.0,28340.0,0.7081266085218185,1359.0684544812984,64.12091272641732,0.047180046387648424,1582.1557673348668,67.09541023113155,0.042407588188458474
Zagatala district,2009,39657.0,24998.0,8072.0,922.0,28500.0,0.8073789046898545,1391.4736842105262,64.55298245614036,0.04639180976876718,1586.4069125530043,67.1520921673734,0.042329676980104404
Zagatala district,2010,40283.0,25429.0,8091.0,556.0,28800.0,0.8088409891953582,1398.7152777777778,64.64953703703704,0.0462206555288004,1584.1362224232175,67.12181629897623,0.04237124014265736
Zagatala district,2011,40788.0,25765.0,7915.0,856.52,29088.0,0.806928870121607,1402.2277227722773,64.6963696369637,0.04613827596351868,1583.0778187463613,67.10770424995148,0.04239065411395509
Zagatala district,2012,41523.0,26245.0,7721.0,526.0,29380.0,0.8084426572118347,1413.3083730428864,64.84411164057182,0.04588107795679504,1582.129929510383,67.0950657268051,0.042408063001228236
Zagatala district,2013,42651.0,26559.0,7853.0,2471.7,29509.0,0.8010990461823048,1445.355654207191,65.27140872276254,0.04515941009589459,1605.8963063368349,67.4119507511578,0.04197777308855596
Zagatala district,2014,42944.0,26842.0,7715.0,576.0,29618.0,0.8111577068311129,1449.9290971706396,65.33238796227519,0.04505902260307998,1599.8807838462112,67.33174378461615,0.042085475658221565
Zagatala district,2015,43179.0,27079.0,7681.0,425.0,29726.0,0.810648387861747,1452.5667765592411,65.36755702078989,0.045001412723777764,1594.556667528343,67.26075556704457,0.042181477106926976
Zagatala district,2016,43369.0,27310.0,7681.0,426.0,29763.0,0.8094456380954855,1457.1447770722039,65.42859702762938,0.044901919189590106,1588.026363969242,67.17368485292323,0.04230010683514339
Zagatala district,2017,43495.0,27258.0,7685.0,371.2,29615.0,0.8107945430301807,1468.6814114469018,65.58241881929203,0.044653944897880986,1595.6783329664686,67.27571110621957,0.04216119860520366
Zagatala district,2018,43590.0,27251.0,7791.0,571.84,29465.0,0.8109787411435317,1479.3823180044121,65.72509757339216,0.0444273916035788,1599.574327547613,67.32765770063484,0.042090984170681356
Zagatala district,2019,43658.0,27250.0,8260.0,868.0,29410.0,0.8096431808625524,1484.4610676640598,65.7928142355208,0.044321010276848836,1602.1284403669724,67.3617125382263,0.04204513872982424
Zagatala district,2020,43699.0,27389.0,8275.0,911.0,29376.0,0.8081823835754163,1487.5748910675381,65.8343318809005,0.04425614621234658,1595.4945416042938,67.27326055472392,0.04216451940166442
Zagatala district,2021,43857.0,26972.0,8275.0,1342.0,28935.0,0.8109121627809697,1515.7076205287715,66.20943494038362,0.04368219440454203,1626.0195758564437,67.68026101141925,0.04162327564584901
Zagatala district,2022,44103.0,26650.0,8275.0,1161.0,28599.0,0.816878235649312,1542.1168572327704,66.56155809643694,0.043162460603587055,1654.8968105065667,68.28490533856387,0.04126233424648498
Zagatala district,2023,44331.0,26096.0,8275.0,1131.0,27990.0,0.8240722324579299,1583.8156484458734,67.11754197927831,0.04237711759265525,1698.766094420601,70.83730003901678,0.04169926646857012
Zagatala district,2024,44462.0,25199.0,8275.0,1252.0,27033.0,0.8331404144947322,1644.730514556283,67.92974019408378,0.04130144093083232,1764.4350966308186,74.65804198579309,0.042312716476991585
Zangilan district,2018,668.0,393.0,51.0,150.0,393.0,0.9164706023259164,1699.7455470737914,70.89428637520241,0.041708764289602615,1699.7455470737914,70.89428637520241,0.041708764289602615
Zangilan district,2019,360.0,631.0,60.0,302.0,631.0,0.5739185165610102,570.5229793977813,53.64183835182251,0.09402222222222222,570.5229793977813,53.64183835182251,0.09402222222222222
Zangilan district,2021,481.0,853.0,66.5,30.0,853.0,0.55318635668806,563.8921453692849,53.11137162954279,0.09418711018711019,563.8921453692849,53.11137162954279,0.09418711018711019
Zangilan district,2022,486.0,878.0,323.5,4100.0,878.0,0.5526802391619476,553.5307517084283,52.28246013667426,0.09445267489711934,553.5307517084283,52.28246013667426,0.09445267489711934
Zangilan district,2023,494.0,2057.0,169.0,25.0,2057.0,0.2861530462830846,240.1555663587749,46.0,0.19154251012145748,240.1555663587749,46.0,0.19154251012145748
Zangilan district,2024,494.0,4193.0,2123.5,499.0,4193.0,0.1840699276212048,117.81540663009778,46.0,0.3904412955465587,117.81540663009778,46.0,0.3904412955465587
Zardab district,2005,20810.0,18205.0,10939.0,7582.0,21963.0,0.6678493985263069,947.50261803943,58.63336824052573,0.06188201185327567,1143.092556989838,61.24123409319784,0.05357504404933526
Zardab district,2008,21605.0,19258.0,11357.0,7613.0,22272.0,0.6588902876253462,970.0520833333334,58.93402777777778,0.06075346756152126,1121.871430055042,60.958285734067225,0.054336249325001924
Zardab district,2009,21663.0,19646.0,13348.0,3350.0,22366.0,0.6719237261956057,968.5683626933738,58.91424483591165,0.06082610903383649,1102.6672096100988,60.70222946146799,0.055050362369016295
Zardab district,2010,21702.0,19904.0,14353.0,3359.0,22564.0,0.6674610493026225,961.7975536252437,58.82396738166992,0.06116044604183946,1090.3336012861737,60.53778135048232,0.05552225601327067
Zardab district,2011,21806.0,20037.0,16005.0,3385.0,22629.0,0.6669590060771319,963.6307393168058,58.848409857557414,0.06106946100461647,1088.286669661127,60.51048892881503,0.055601608120089276
Zardab district,2012,25066.0,20196.0,16535.0,3398.0,22690.0,0.7170626321600948,1104.7157338034376,60.729543117379166,0.0549730046011862,1241.1368587839177,62.54849145045223,0.05039612755658395
Zardab district,2013,31766.0,20376.0,15581.0,3383.0,22751.0,0.7940485185622542,1396.2463188431277,64.61661758457504,0.04627880962874352,1558.990969768355,66.78654626357806,0.042839597892925345
Zardab district,2014,31777.0,20531.0,16576.0,3385.0,22792.0,0.7918957892829633,1394.2172692172692,64.5895635895636,0.04632675624927883,1547.7570503141592,66.63676067085545,0.04305376005706433
Zardab district,2015,31871.0,20850.0,18570.0,3412.0,22828.0,0.7879626252361659,1396.1363238128613,64.61515098417148,0.046281405248240294,1528.5851318944844,66.38113509192647,0.04342652149812264
Zardab district,2016,31934.0,20975.0,18100.0,3410.0,22853.0,0.786458949482564,1397.365772546274,64.63154363395032,0.04625241644224546,1522.4791418355185,66.29972189114025,0.043547211957996705
Zardab district,2017,31944.0,21031.0,18612.0,3337.0,22867.0,0.7860653557279014,1396.9475663620065,64.62596755149342,0.04626227147508139,1518.900670438876,66.25200893918502,0.04361839469070874
Zardab district,2018,31957.0,21353.0,19497.0,3392.0,22873.0,0.7808978114112616,1397.1494775499498,64.62865970066599,0.04625751269935643,1496.6046925490564,65.95472923398742,0.04406957265492172
Zardab district,2019,31958.0,21454.0,20611.0,6368.0,22885.0,0.7685273772326503,1396.4605636880053,64.61947418250674,0.04627375513695058,1489.6056679407104,65.86140890587615,0.044213989194150656
Zardab district,2020,31960.0,21487.0,17514.3,6368.0,22909.0,0.7671298886692728,1395.08490113056,64.60113201507413,0.04630623696287025,1487.4109926932563,65.83214656924342,0.04425955360867751
Zardab district,2021,31963.0,21760.0,17440.0,6368.0,22919.0,0.7625465207391133,1394.607094550373,64.59476126067165,0.04631753381514043,1468.8878676470588,65.58517156862744,0.04464954270041402
Zardab district,2022,31965.0,21895.0,15495.0,6369.0,22972.0,0.7596772257350436,1391.4765801845724,64.55302106912764,0.04639174096668231,1459.9223567024435,65.46563142269925,0.04484185828249648
Zardab district,2023,31973.0,21436.0,13364.0,8368.0,22475.0,0.7603951223625303,1422.602892102336,64.96803856136448,0.045668428569939225,1491.5562604963613,65.88741680661815,0.04417360481239378
Zardab district,2024,31974.0,20983.0,14085.0,8310.0,21795.0,0.7686214238844188,1467.0337233310393,65.56044964441386,0.04468912241195973,1523.8049849878473,66.31739979983797,0.043520923250140744
